Category,Area,Total amount awarded (2023/24),Total amount awarded per head (2023/24),Creative and cultural employees (as a % of all employees),All people (Census 2021),Engaged with the arts online in previous 12 months,Engaged with the arts in person in previous 12 months,Disabled under the Equality Act: Day-to-day activities limited a lot (Census 2021),Index of Multiple Deprivation 2019 (IMD) Rank,People with no qualifications (Census 2021),Full-time employees (Census 2021)
Reference Date, ,2023/24,2023/24,2023,2021,May-2023 to Mar-2024,May-2023 to Mar-2024,2021,2019,2021,2021
Update Frequency, ,Annually,Annually,Annually,Every 10 Years,Irregular,Irregular,Every 10 Years,Irregular,Every 10 Years,Every 10 Years
National Comparator,England,£760112705.0000000000,£13.309032979131,5.0480069828339%,56490048.0000000000,36.4277222100%,90.4160341400%,7.3293564912531%,16356.0000000000,18.079416470836%,34.27034896813%
B) Lower Tier Local Authorities,Adur,£309201.0000000000,£4.7771494785632,2.5%,64544.0000000000,41.2831599100%,94.2907827700%,7.78538671294%,17819.0000000000,19.514267908066%,30.129924085055%
B) Lower Tier Local Authorities,Amber Valley,£177068.0000000000,£1.3949611609183,1.7083333333333%,126206.0000000000,33.5896495400%,91.5406447700%,8.3229006544855%,18074.0000000000,19.672568056349%,35.17788818457%
B) Lower Tier Local Authorities,Arun,£129639.0000000000,£0.77916949651703,1.7647058823529%,164889.0000000000,40.5234675300%,90.9298109900%,7.9750620114137%,17357.0000000000,19.73027975235%,28.925211210078%
B) Lower Tier Local Authorities,Ashfield,£104887.0000000000,£0.82522560798105,2.0089285714286%,126300.0000000000,28.3302486400%,88.4822252600%,10.144101346002%,12585.0000000000,23.608855873288%,36.284433554058%
B) Lower Tier Local Authorities,Ashford,£550966.0000000000,£4.0589505013224,2.8629032258065%,132747.0000000000,36.1459549700%,93.6791587600%,6.8393259358027%,17413.0000000000,17.635764194594%,35.244918984734%
B) Lower Tier Local Authorities,Babergh,£22289.0000000000,£0.23639526127674,4.0757575757576%,92338.0000000000,38.2327546200%,92.7624149900%,6.672009183353%,20550.0000000000,17.435413624204%,30.265708599343%
B) Lower Tier Local Authorities,Barking and Dagenham,£2276334.0000097000,£10.345138816345,2.1525423728814%,218869.0000000000,38.6133128000%,83.0221862500%,6.2713599064276%,7261.0000000000,22.749248822227%,30.847748939696%
B) Lower Tier Local Authorities,Barnet,£1536461.0000000000,£3.9361515168594,4.6691176470588%,389344.0000000000,39.0095277700%,91.8893843500%,5.6513006492973%,19180.0000000000,15.439270221171%,31.9939874901%
B) Lower Tier Local Authorities,Barnsley,£3010196.0000000000,£12.214325131468,1.1744186046512%,244572.0000000000,34.1855093800%,87.3813259700%,10.596061691445%,11051.0000000000,25.190950498023%,34.502382477777%
B) Lower Tier Local Authorities,Basildon,£159115.9999399840,£0.84273078724635,4.7111111111111%,187571.0000000000,33.8363297500%,90.1237871900%,7.1748831109287%,15283.0000000000,20.736161654211%,36.395312857354%
B) Lower Tier Local Authorities,Basingstoke and Deane,£497720.0000000000,£2.649278756587,5.1918604651163%,185154.0000000000,32.1702640200%,91.1481856400%,5.438804003219%,22489.0000000000,14.21962925631%,42.867823265936%
B) Lower Tier Local Authorities,Bassetlaw,£19138.0000000000,£0.15950327124224,1.69%,117804.0000000000,36.7057359500%,86.5764914000%,9.1083494618179%,14989.0000000000,21.581233888278%,34.298038410188%
B) Lower Tier Local Authorities,Bath and North East Somerset,£1252482.0000000000,£6.3906055472784,7.28125%,193409.0000000000,37.4924779400%,95.5710128300%,6.0581462082943%,23596.0000000000,12.254204358425%,30.363949113949%
B) Lower Tier Local Authorities,Bedford,£752026.0000000000,£4.0107411614747,2.9819277108434%,185225.0000000000,37.5587309000%,88.8676546600%,6.2140639762451%,17510.0000000000,16.752184069458%,38.30594525986%
B) Lower Tier Local Authorities,Bexley,£186030.0000000000,£0.75086577815091,2.2635135135135%,246472.0000000000,37.2469612000%,89.9335514400%,6.2489856860008%,19421.0000000000,18.170305119367%,37.0061329643%
B) Lower Tier Local Authorities,Birmingham,£34698631.0000687420,£30.062380601348,3.9166666666667%,1144919.0000000000,34.1533677800%,84.9420300000%,8.0641512631025%,7581.0000000000,23.852575753999%,28.712194617489%
B) Lower Tier Local Authorities,Blaby,£1803312.0000283190,£17.292482955307,1.7265625%,102926.0000000000,34.8662326400%,91.1911624100%,6.1927987097526%,24016.0000000000,17.286385313206%,37.996318695767%
B) Lower Tier Local Authorities,Blackburn with Darwen,£1217379.0000000000,£7.8125758071658,1.2214285714286%,154739.0000000000,28.8263307900%,80.9991356300%,9.1263942922876%,9105.0000000000,24.201727081032%,31.44867750546%
B) Lower Tier Local Authorities,Blackpool,£2038332.0000000000,£14.390121992545,1.2741935483871%,141036.0000000000,34.5379553400%,85.9473175600%,12.300405570209%,6040.0000000000,24.561629706034%,28.928638965772%
B) Lower Tier Local Authorities,Bolsover,£575499.0000000000,£7.0577868802198,2.46875%,80273.0000000000,28.1073161900%,88.2517173800%,10.826803532944%,12392.0000000000,24.167898850297%,36.641117716286%
B) Lower Tier Local Authorities,Bolton,£4505909.0000000000,£15.062222341076,1.6%,295963.0000000000,33.3536869700%,84.8466426000%,8.6088463760673%,11802.0000000000,22.580256320844%,32.012587551067%
B) Lower Tier Local Authorities,Boston,£260000.0000000000,£3.6707091527721,1.359375%,70502.0000000000,31.1061861200%,86.7581825000%,7.7116191989107%,13544.0000000000,27.648305084746%,37.043275909975%
B) Lower Tier Local Authorities,"Bournemouth, Christchurch and Poole",£5332926.0000000000,£13.247563711158,4.1825396825397%,400196.0000000000,37.5551440700%,94.6811184600%,7.6502513768254%,18139.0000000000,15.919894418766%,31.68750821121%
B) Lower Tier Local Authorities,Bracknell Forest,£12000.0000000000,£0.094465874202944,13.067796610169%,124607.0000000000,38.8501822900%,91.4760537600%,4.7693949778102%,24598.0000000000,13.191838531816%,43.525726979807%
B) Lower Tier Local Authorities,Bradford,£6352526.0000000000,£11.486474855527,1.6414141414141%,546412.0000000000,33.4627481600%,85.3011385700%,8.0013030484379%,9855.0000000000,23.986773377865%,29.863321741853%
B) Lower Tier Local Authorities,Braintree,£40400.0000000000,£0.25633704514451,2.7924528301887%,155268.0000000000,36.0599806400%,91.7242528800%,6.6807069067677%,20136.0000000000,18.360381145015%,35.532168732766%
B) Lower Tier Local Authorities,Breckland,£140543.0000000000,£0.97967363497585,1.34%,141476.0000000000,40.5785487000%,90.2301821300%,7.9886341146201%,15999.0000000000,22.255031734718%,33.102541258326%
B) Lower Tier Local Authorities,Brent,£3086525.9997821850,£9.0465410052148,4.0737704918033%,339816.0000000000,34.2702881200%,86.0706779500%,5.6089507789555%,11822.0000000000,21.723249364876%,31.795945366393%
B) Lower Tier Local Authorities,Brentwood,£19970.0000000000,£0.25818379272897,4.6764705882353%,77047.0000000000,38.6042944500%,93.1996904400%,5.705534212439%,24894.0000000000,15.08239485907%,36.482359303916%
B) Lower Tier Local Authorities,Brighton and Hove,£9712442.0000000000,£34.890404856845,6.1433566433566%,277103.0000000000,45.2546508200%,93.7975708000%,7.3442005319322%,16607.0000000000,12.412530218765%,31.63257068808%
B) Lower Tier Local Authorities,"Bristol, City of",£15331943.9999851000,£32.03257590316,7.6168831168831%,472465.0000000000,39.6658686700%,91.6108274300%,6.8669491561298%,13530.0000000000,14.538320999312%,37.110605889538%
B) Lower Tier Local Authorities,Broadland,£89347.9999882290,£0.66734884406938,2.1372549019608%,131721.0000000000,44.1667231900%,93.5711668500%,7.2074944581094%,22830.0000000000,17.569181763886%,31.66101081399%
B) Lower Tier Local Authorities,Bromley,£1653746.0000000000,£5.0160787894046,4.752380952381%,329991.0000000000,38.4553845300%,94.7951967300%,5.5392419793267%,21718.0000000000,13.799568445196%,37.504904031869%
B) Lower Tier Local Authorities,Bromsgrove,£62664.0000000000,£0.62567021117268,4.1666666666667%,99183.0000000000,39.8983843800%,92.7880661300%,6.6412590867387%,23412.0000000000,15.690312079999%,34.762397967991%
B) Lower Tier Local Authorities,Broxbourne,£45385.0000000000,£0.45843897413105,1.7083333333333%,99007.0000000000,35.4992224300%,88.5960708000%,6.0632076519842%,17595.0000000000,20.842932134899%,35.527524956884%
B) Lower Tier Local Authorities,Broxtowe,£350599.0000000000,£3.1193469460385,3.0135135135135%,110940.0000000000,35.5103567700%,95.3239466500%,7.6634637918913%,21195.0000000000,17.375376868131%,34.974821154553%
B) Lower Tier Local Authorities,Buckinghamshire,£1472062.0000000000,£2.6254565819136,5.7979591836735%,553078.0000000000,39.7367330700%,93.2277775100%,4.9557205312813%,24919.0000000000,13.753199742893%,36.832704096131%
B) Lower Tier Local Authorities,Burnley,£206496.0000000000,£2.1587580366944,1.1052631578947%,94646.0000000000,31.2868231800%,85.7323768600%,9.8461635990956%,8572.0000000000,24.397930823548%,33.283244680851%
B) Lower Tier Local Authorities,Bury,£976940.0000000000,£5.0205046508043,1.8013698630137%,193851.0000000000,34.9825818300%,89.8229316500%,8.2527301896818%,15220.0000000000,18.535186895069%,34.965874824854%
B) Lower Tier Local Authorities,Calderdale,£2758854.0000000000,£13.285437734759,2.1538461538462%,206631.0000000000,34.9716001900%,89.0674790600%,7.9470935831853%,13180.0000000000,19.182759820925%,33.151097615133%
B) Lower Tier Local Authorities,Cambridge,£2961526.0000031250,£20.035626095155,8.2543103448276%,145674.0000000000,43.0115432100%,93.9155012500%,4.9164572950561%,20200.0000000000,9.5836172003366%,36.527872400112%
B) Lower Tier Local Authorities,Camden,£15026768.0003221120,£69.131497712705,18.384428223844%,210136.0000000000,43.5667551400%,90.6055933400%,6.6870978794685%,16086.0000000000,11.774558903709%,35.029903095982%
B) Lower Tier Local Authorities,Cannock Chase,£10000.0000000000,£0.098868939334019,3.5875%,100519.0000000000,33.0630134900%,89.7222056400%,8.9207015589093%,15923.0000000000,21.986469119038%,36.684934164262%
B) Lower Tier Local Authorities,Canterbury,£937834.0000000000,£5.9250830795668,3.3714285714286%,157429.0000000000,35.8492692100%,90.4841059200%,7.8764665154893%,18979.0000000000,16.234230841649%,26.685896760005%
B) Lower Tier Local Authorities,Castle Point,£149251.0000000000,£1.6630749688001,2.5714285714286%,89587.0000000000,33.3778792000%,89.8332658200%,7.5167155948966%,18983.0000000000,23.857711121862%,31.466971305692%
B) Lower Tier Local Authorities,Central Bedfordshire,£817470.0000300000,£2.7084686237824,2.7935779816514%,294252.0000000000,32.7050288700%,91.9270221100%,5.5061647839267%,23048.0000000000,15.035542471458%,39.911724953539%
B) Lower Tier Local Authorities,Charnwood,£751048.0000117600,£4.0538900824315,2.8785714285714%,183971.0000000000,35.3835034000%,91.9885756300%,6.2705535111512%,22163.0000000000,15.755715218811%,33.525800130634%
B) Lower Tier Local Authorities,Chelmsford,£2245377.0000000000,£12.242124374366,3.0722222222222%,181523.0000000000,35.4279031700%,92.5959636000%,5.3938365597558%,22933.0000000000,15.162652804289%,37.028638729634%
B) Lower Tier Local Authorities,Cheltenham,£762782.0000000000,£6.3785759083497,6.6746031746032%,118836.0000000000,42.2269091600%,95.6654800600%,5.9511086801027%,21889.0000000000,13.390426266813%,36.089438823195%
B) Lower Tier Local Authorities,Cherwell,£382656.0000000000,£2.3305824385312,3.125%,161016.0000000000,36.6932360500%,93.9734408200%,5.3547473543002%,21001.0000000000,16.043587465923%,41.638460478152%
B) Lower Tier Local Authorities,Cheshire East,£984375.0000000000,£2.4210685535937,3.6820388349515%,398772.0000000000,38.3731702900%,92.8571881200%,6.8836327525503%,21521.0000000000,15.031277221502%,35.55940681207%
B) Lower Tier Local Authorities,Cheshire West and Chester,£2083825.0000000000,£5.7596206733573,2.5414201183432%,357150.0000000000,39.5145782100%,94.0699659700%,7.7197256054879%,19032.0000000000,15.835359123504%,35.11061152906%
B) Lower Tier Local Authorities,Chesterfield,£463131.9999012500,£4.4487435631796,2.2352941176471%,103569.0000000000,31.2951846400%,89.4018845100%,10.260792322027%,13754.0000000000,20.209067336426%,33.319380493931%
B) Lower Tier Local Authorities,Chichester,£4551307.0000000000,£36.064239302694,4.6015625%,124068.0000000000,44.4004147200%,97.1351801800%,6.3578037850211%,20477.0000000000,14.837169324802%,28.058715105674%
B) Lower Tier Local Authorities,Chorley,£1687932.0000000000,£14.229382160289,3.3928571428571%,117732.0000000000,36.6486533500%,93.0153211300%,7.7454261300899%,19243.0000000000,16.003071527151%,37.434886375428%
B) Lower Tier Local Authorities,City of London,£5893745.0000000000,£514.42306013791,13.000756429652%,8583.0000000000,25.0400956200%,96.6410005400%,3.2622626121403%,21178.0000000000,6.6075443417437%,47.038980509745%
B) Lower Tier Local Authorities,Colchester,£3149581.0000000000,£16.180906045785,4.2235294117647%,192715.0000000000,35.2315369200%,92.6370882700%,6.5210284617181%,18967.0000000000,15.378465159714%,34.518555474537%
B) Lower Tier Local Authorities,Cornwall,£6431925.0000000000,£11.175616646859,3.0326086956522%,570305.0000000000,36.4191994700%,93.0981924400%,8.8871744066771%,13442.0000000000,16.320678640624%,26.769440226214%
B) Lower Tier Local Authorities,Cotswold,£40241.0000000000,£0.44046628721541,5.0652173913043%,90832.0000000000,43.1001499400%,94.8795355700%,5.5288884974458%,23542.0000000000,13.678831160322%,31.22452990893%
B) Lower Tier Local Authorities,County Durham,£6505578.0000000000,£12.328081651835,2.260989010989%,522068.0000000000,31.1356996400%,88.8047082200%,10.725039650007%,12648.0000000000,20.924605606994%,32.163250821508%
B) Lower Tier Local Authorities,Coventry,£5252216.0000000000,£14.88347894097,2.171686746988%,345324.0000000000,33.7305735800%,84.4639498400%,7.3554324501988%,13585.0000000000,19.384699844333%,33.754347692608%
B) Lower Tier Local Authorities,Crawley,£1273018.0000000000,£10.63507101086,1.8707865168539%,118493.0000000000,31.6200984400%,86.3863399900%,6.094874802731%,16373.0000000000,17.828935415264%,38.802141780756%
B) Lower Tier Local Authorities,Croydon,£3414998.9999880070,£8.6981966837014,3.8968253968254%,390719.0000000000,40.0110550300%,90.2672429700%,6.0698353548202%,14612.0000000000,16.068776437917%,36.084872227735%
B) Lower Tier Local Authorities,Cumberland,£2768969.0000000000,£10.056873363334,1.2261904761905%,273254.0000000000,36.1820270800%,90.4123736100%,8.7985683387679%,14837.9025306033,20.470004827314%,33.405895054685%
B) Lower Tier Local Authorities,Dacorum,£39185.0000000000,£0.25091728726299,4.7286821705426%,155081.0000000000,36.7595055900%,92.6448452200%,5.8246980610133%,22055.0000000000,14.676846017127%,36.869360089835%
B) Lower Tier Local Authorities,Darlington,£880385.0000000000,£8.0464387230037,2.1454545454545%,107799.0000000000,27.2573690600%,88.6123085300%,8.5055658627087%,14543.0000000000,19.262941650493%,35.55384039136%
B) Lower Tier Local Authorities,Dartford,£90956.0000000000,£0.76555845467553,1.6739130434783%,116753.0000000000,36.9608257700%,89.1996516000%,5.6923590828501%,17148.0000000000,16.226019845645%,41.121083155086%
B) Lower Tier Local Authorities,Derby,£5026954.0000000000,£19.068940141112,3.7316176470588%,261364.0000000000,34.4552699300%,89.0915788200%,8.2253102952205%,14087.0000000000,20.144940699559%,34.256404372995%
B) Lower Tier Local Authorities,Derbyshire Dales,£2734048.0000000000,£38.102543376768,2.5625%,71540.0000000000,39.6860599400%,94.7998153600%,7.0310315907185%,23067.0000000000,15.694913033509%,27.942549254025%
B) Lower Tier Local Authorities,Doncaster,£2208555.0000000000,£7.102285151979,0.80916030534351%,308106.0000000000,33.4811641800%,86.8433955700%,9.4109552139016%,11251.0000000000,24.630571319263%,33.884491842216%
B) Lower Tier Local Authorities,Dorset,£2159851.0000000000,£5.6338109360857,2.9897260273973%,379579.0000000000,40.4596256500%,92.7291023200%,7.6524254503015%,19587.0000000000,15.79176271039%,27.710158434296%
B) Lower Tier Local Authorities,Dover,£461135.0000000000,£3.9230173719225,2.2297297297297%,116410.0000000000,36.0566372000%,92.2932798000%,9.134954041749%,15039.0000000000,19.45906584833%,30.338586362927%
B) Lower Tier Local Authorities,Dudley,£1748621.0000000000,£5.3815148446901,2.6171171171171%,323488.0000000000,32.6727678700%,88.3490037200%,8.4420442180235%,14776.0000000000,23.074959617202%,33.779829935083%
B) Lower Tier Local Authorities,Ealing,£706849.0000000000,£1.9097368755218,4.5884615384615%,367115.0000000000,40.1714991900%,87.4833609300%,5.4119281424077%,13904.0000000000,17.918143622766%,34.579224094444%
B) Lower Tier Local Authorities,East Cambridgeshire,£421087.0000000000,£4.7081441892708,2.6515151515152%,87762.0000000000,34.5912941800%,94.8029951500%,5.9558806772863%,23185.0000000000,16.553500678996%,38.383569698582%
B) Lower Tier Local Authorities,East Devon,£144299.0000000000,£0.93473641934523,2.6442307692308%,150828.0000000000,37.7701952200%,95.8313660100%,7.4786678954312%,22008.0000000000,15.077439967344%,27.11087386567%
B) Lower Tier Local Authorities,East Hampshire,£288832.0000000000,£2.2691754723652,4.3295454545455%,125746.0000000000,41.9324861300%,95.3215477500%,5.6320778725029%,24543.0000000000,13.103149378792%,33.980872395959%
B) Lower Tier Local Authorities,East Hertfordshire,£154505.0000000000,£1.0183763190677,4.1791044776119%,150158.0000000000,36.3347940500%,95.7858252300%,4.8622441844203%,26749.0000000000,13.830559957739%,37.856063920232%
B) Lower Tier Local Authorities,East Lindsey,£1160472.0000000000,£8.0365096952909,1.5760869565217%,142296.0000000000,33.1686403500%,89.9553399600%,11.348878394333%,10625.0000000000,25.228549308999%,24.323011036073%
B) Lower Tier Local Authorities,East Riding of Yorkshire,£1272206.0000000000,£3.6735409279386,1.9734848484848%,342215.0000000000,35.6762761700%,91.3572677500%,7.6805516999547%,20770.0000000000,18.212327340876%,31.773917027021%
B) Lower Tier Local Authorities,East Staffordshire,£30000.0000000000,£0.238678674856,1.6774193548387%,124019.0000000000,32.4207311000%,90.8560321900%,6.6626887815577%,17790.0000000000,20.12874597047%,37.217308247187%
B) Lower Tier Local Authorities,East Suffolk,£3709440.0000000000,£15.012930877478,1.9473684210526%,246058.0000000000,37.5812811900%,91.0454865400%,8.4719862796576%,17563.0000000000,19.400732395184%,28.093420600713%
B) Lower Tier Local Authorities,Eastbourne,£1711269.9999300000,£16.717498338576,2.3974358974359%,101689.0000000000,37.5076390600%,92.1935231600%,9.1349841669453%,14923.0000000000,18.406366022655%,28.426329916167%
B) Lower Tier Local Authorities,Eastleigh,£988226.0000000000,£7.1066764468991,3.1153846153846%,136443.0000000000,34.1158621400%,94.3345318100%,6.0589403633752%,24915.0000000000,13.735566552468%,38.579715399257%
B) Lower Tier Local Authorities,Elmbridge,£104583.0000000000,£0.74542940434358,5.7575757575758%,138754.0000000000,37.8546908100%,93.3504293600%,4.4142871556856%,27249.0000000000,10.804971776344%,36.408516741133%
B) Lower Tier Local Authorities,Enfield,£1303457.0000000000,£3.9809208798324,3.787037037037%,329984.0000000000,34.2359772800%,85.5527042300%,6.4078864429791%,12522.0000000000,22.479411467366%,29.108180199236%
B) Lower Tier Local Authorities,Epping Forest,£50435.0000000000,£0.37356768808005,3.0545454545455%,134980.0000000000,36.3371519200%,87.1628897200%,5.9089360062823%,20007.0000000000,18.861264998317%,33.617145144271%
B) Lower Tier Local Authorities,Epsom and Ewell,£324466.0000000000,£3.9885677758792,3.3787878787879%,80938.0000000000,36.4695443000%,93.6220977000%,4.7258395314932%,26497.0000000000,12.763322859752%,37.547015029331%
B) Lower Tier Local Authorities,Erewash,£46849.0000000000,£0.41432525890354,4.1282051282051%,112906.0000000000,33.9786791800%,87.0091389000%,8.1864559899385%,18132.0000000000,19.811825082861%,36.94694523448%
B) Lower Tier Local Authorities,Exeter,£1954791.0000000000,£14.500233660458,3.6082474226804%,130709.0000000000,36.4350322500%,94.3738111800%,6.7921872250572%,19294.0000000000,13.543397616118%,31.133287224583%
B) Lower Tier Local Authorities,Fareham,£0.0000000000,£0,3.73%,114513.0000000000,34.6748657200%,94.1582701500%,6.2901155327343%,26079.0000000000,13.850722546375%,35.626751432515%
B) Lower Tier Local Authorities,Fenland,£436413.0000000000,£4.2369371468515,1.1052631578947%,102462.0000000000,34.8047448600%,85.2117931400%,8.8286389100349%,11973.0000000000,25.802763108261%,34.775741144575%
B) Lower Tier Local Authorities,Folkestone and Hythe,£2298260.0000000000,£20.825872630396,1.9305555555556%,109758.0000000000,40.7647551600%,88.4864468000%,9.5018130796844%,13532.0000000000,19.393595176722%,29.671781988968%
B) Lower Tier Local Authorities,Forest of Dean,£350965.0000000000,£3.9912320604089,2.5%,87004.0000000000,32.6513687100%,92.3038669500%,7.7030941106156%,16904.0000000000,18.381316138924%,30.118007830682%
B) Lower Tier Local Authorities,Fylde,£65596.0000000000,£0.79040848294975,3.4318181818182%,81375.0000000000,40.0394730600%,90.2248902200%,8.8332882738958%,19774.0000000000,16.054125088451%,29.907149355244%
B) Lower Tier Local Authorities,Gateshead,£8615775.0000000000,£43.531163791797,4.0585106382979%,196151.0000000000,33.3436286500%,88.7805046800%,10.087126754388%,12014.0000000000,21.623409543358%,34.367445857471%
B) Lower Tier Local Authorities,Gedling,£77543.0000000000,£0.65891980081916,2.2121212121212%,117263.0000000000,37.9894174700%,90.5853563700%,7.8959262512472%,20423.0000000000,17.626324410624%,35.340341274284%
B) Lower Tier Local Authorities,Gloucester,£2601245.9999785000,£19.480611098469,2.9338235294118%,132416.0000000000,35.3636114800%,89.1602446500%,7.0218100531658%,16679.0000000000,18.209446506887%,38.103030699745%
B) Lower Tier Local Authorities,Gosport,£143510.0000000000,£1.7442298576759,2.0263157894737%,81952.0000000000,33.9484058500%,90.0757322700%,7.9888227254979%,16171.0000000000,17.400425525584%,35.656792584768%
B) Lower Tier Local Authorities,Gravesham,£376574.9999200000,£3.5236736214092,1.4705882352941%,106900.0000000000,33.8772310100%,91.1965605700%,6.9354536950421%,15795.0000000000,20.325472479126%,34.873929703392%
B) Lower Tier Local Authorities,Great Yarmouth,£1114315.0000000000,£11.161678386121,1.0131578947368%,99745.0000000000,35.8588811400%,91.8729457900%,10.244816938685%,10164.0000000000,26.506606704627%,27.680460353728%
B) Lower Tier Local Authorities,Greenwich,£2631100.9999888030,£9.0143552636154,4.8296703296703%,289068.0000000000,38.9637605600%,89.5090937400%,6.414385492737%,12374.0000000000,16.678708846214%,38.58471636438%
B) Lower Tier Local Authorities,Guildford,£1524595.0000000000,£10.415465438795,7.3988095238095%,143649.0000000000,39.5141805100%,93.6911432000%,4.6814849879221%,25578.0000000000,11.344118903793%,35.028821341198%
B) Lower Tier Local Authorities,Hackney,£10185504.0000300000,£38.930650685046,19.170454545455%,259146.0000000000,37.1593195000%,86.7798684100%,6.4141449221674%,7484.0000000000,16.72952431875%,37.475294319842%
B) Lower Tier Local Authorities,Halton,£666299.0000000000,£5.1647882301873,1.8769230769231%,128478.0000000000,39.7036782400%,92.0282351700%,10.717704838923%,11023.0000000000,21.034555739408%,37.23207757725%
B) Lower Tier Local Authorities,Hammersmith and Fulham,£3091854.0000000000,£16.66713745108,17.645833333333%,183157.0000000000,39.4041066900%,94.0848238100%,5.5181864838009%,14139.0000000000,11.855703439266%,41.440969527653%
B) Lower Tier Local Authorities,Harborough,£60180.0000000000,£0.5985082048732,4.1829268292683%,97625.0000000000,41.0367585300%,94.2516108900%,5.4247843812099%,26743.0000000000,13.59849803551%,35.553980628396%
B) Lower Tier Local Authorities,Haringey,£3718661.0000519700,£14.171024301586,5.8150684931507%,264238.0000000000,40.6088473100%,89.2484532900%,6.129322807469%,11131.0000000000,18.481944444444%,33.305555555556%
B) Lower Tier Local Authorities,Harlow,£258650.0000000000,£2.738659946635,1.8690476190476%,93328.0000000000,32.5292743500%,88.8360090800%,6.6839533687639%,14297.0000000000,21.017208831496%,38.823835189188%
B) Lower Tier Local Authorities,Harrow,£933862.0000000000,£3.565270508107,5.6666666666667%,261203.0000000000,39.5087340000%,88.0257029100%,5.2863098815864%,19846.0000000000,17.390516172121%,32.39530013405%
B) Lower Tier Local Authorities,Hart,£0.0000000000,£0,5.6714285714286%,99408.0000000000,35.0721162400%,94.6279873900%,4.288387252535%,29594.0000000000,10.883015673435%,39.303587879391%
B) Lower Tier Local Authorities,Hartlepool,£2570877.0000000000,£27.394343985423,2.7068965517241%,92338.0000000000,31.8397568100%,88.9152223200%,11.382096211744%,10275.0000000000,23.144899981255%,30.42511883243%
B) Lower Tier Local Authorities,Hastings,£1990218.0000000000,£21.961995563942,2.5606060606061%,90996.0000000000,32.8496890100%,92.9639877600%,9.8609813726029%,8972.0000000000,20.131452131077%,28.621723648631%
B) Lower Tier Local Authorities,Havant,£215648.0000000000,£1.7274089026666,2.5%,124208.0000000000,33.7678370900%,90.9126730900%,8.2708038129589%,16127.0000000000,19.921256015166%,31.199813349406%
B) Lower Tier Local Authorities,Havering,£1650617.0000000000,£6.2363918012657,2.0555555555556%,262052.0000000000,36.3127892200%,88.1902975300%,6.3380550425106%,19006.0000000000,20.000476803509%,35.218614409002%
B) Lower Tier Local Authorities,"Herefordshire, County of",£2325097.0000000000,£12.321919913512,2.8132530120482%,187034.0000000000,37.7054362500%,91.5704333900%,7.4858047199974%,16436.0000000000,18.019766694456%,30.436830180994%
B) Lower Tier Local Authorities,Hertsmere,£125228.0000517070,£1.1561891225426,6.1896551724138%,107827.0000000000,35.3334426400%,91.1137285500%,5.7991041204893%,21256.0000000000,15.98542771287%,34.23363846252%
B) Lower Tier Local Authorities,High Peak,£662597.0000000000,£7.2728140846926,3.0967741935484%,90932.0000000000,37.9683652400%,94.4263480700%,7.3031792638536%,20095.0000000000,14.94448850119%,34.451904522746%
B) Lower Tier Local Authorities,Hillingdon,£559666.0000000000,£1.8001826989263,3.3376288659794%,305909.0000000000,35.9343112900%,86.0260091300%,5.5846673357109%,17482.0000000000,18.152126278537%,35.480550192452%
B) Lower Tier Local Authorities,Hinckley and Bosworth,£8575.0000000000,£0.075012028167782,3.0595238095238%,113640.0000000000,35.8978613500%,93.3282022300%,6.7749032030975%,21630.0000000000,18.321301560936%,37.164061501768%
B) Lower Tier Local Authorities,Horsham,£597440.0000500000,£4.0158904076118,5.0603448275862%,146778.0000000000,40.9132583200%,92.4451196800%,5.3692966977565%,24950.0000000000,12.493370019227%,34.244963244739%
B) Lower Tier Local Authorities,Hounslow,£1179688.0000096460,£4.0511402855423,14.588414634146%,288181.0000000000,38.7146267400%,85.5987184700%,5.3619079675621%,14256.0000000000,18.641688640508%,35.719689515688%
B) Lower Tier Local Authorities,Huntingdonshire,£874542.0000000000,£4.7504671475752,2.8827160493827%,180833.0000000000,36.8834171100%,94.8789905800%,6.1095381348434%,22467.0000000000,15.644033157742%,39.675976824654%
B) Lower Tier Local Authorities,Hyndburn,£279000.0000000000,£3.3527609205071,1.1166666666667%,82234.0000000000,30.7133777900%,89.3892900700%,9.7013473417968%,9549.0000000000,22.780046318869%,34.154591580198%
B) Lower Tier Local Authorities,Ipswich,£4813394.0000000000,£34.555396819699,2.3888888888889%,139642.0000000000,32.7974730300%,90.9827119300%,7.3480757938156%,13159.0000000000,21.685206381%,36.300879891265%
B) Lower Tier Local Authorities,Isle of Wight,£2041944.0000000000,£14.504606510914,1.8018867924528%,140459.0000000000,36.9449518500%,94.1246822500%,9.8485657532198%,13400.0000000000,18.450320271604%,24.398748996521%
B) Lower Tier Local Authorities,Isles of Scilly,£80950.0000000000,£35.488820692679,4.4444444444444%,2054.0000000000,36.9281507900%,93.2354830100%,4.9196298100341%,22165.0000000000,12.312138728324%,30.769230769231%
B) Lower Tier Local Authorities,Islington,£19022822.0001564060,£86.627239360622,20.381322957198%,216589.0000000000,42.1774417200%,93.9171467700%,7.2819949304905%,10318.0000000000,13.754588130221%,40.933522847947%
B) Lower Tier Local Authorities,Kensington and Chelsea,£5928294.0000000000,£40.496024372917,10.70703125%,143375.0000000000,40.1524419400%,89.9738171000%,5.854536324071%,15567.0000000000,11.350323749482%,33.509086920846%
B) Lower Tier Local Authorities,King's Lynn and West Norfolk,£35600.0000000000,£0.22861546365271,1.2796610169492%,154325.0000000000,35.0546743700%,92.0684256500%,8.5468977806577%,13414.0000000000,23.380814945846%,31.032369188753%
B) Lower Tier Local Authorities,"Kingston upon Hull, City of",£4504910.9999836800,£16.767013923721,1.43359375%,267014.0000000000,33.1736806400%,85.3962069000%,9.2363235971552%,7554.0000000000,25.252478025061%,34.954997077732%
B) Lower Tier Local Authorities,Kingston upon Thames,£1366149.0000000000,£8.079801516424,4.9527027027027%,168063.0000000000,36.1032402800%,91.8927765600%,5.0159761518002%,23427.0000000000,11.905570401429%,37.562653635203%
B) Lower Tier Local Authorities,Kirklees,£3708524.0000000000,£8.4709338181885,2.1550632911392%,433216.0000000000,35.4912503700%,88.4496076500%,7.6550727581622%,13811.0000000000,20.744266101411%,32.278764320431%
B) Lower Tier Local Authorities,Knowsley,£835960.0000990000,£5.3209596014118,1.0367647058824%,154517.0000000000,31.5742702900%,86.6851025900%,12.353820565756%,6688.0000000000,26.2270814729%,35.18105827172%
B) Lower Tier Local Authorities,Lambeth,£49460863.0000000000,£156.17575939375,9.5690789473684%,317654.0000000000,40.0495856200%,92.0773457000%,5.3806972366159%,11347.0000000000,13.082600531707%,45.169590469321%
B) Lower Tier Local Authorities,Lancaster,£1314171.9999916950,£9.0907782873091,1.801724137931%,142931.0000000000,40.5837986100%,92.6524079700%,8.287741195237%,15224.0000000000,15.78472262853%,29.512362292917%
B) Lower Tier Local Authorities,Leeds,£35450420.0000000000,£43.189977607267,5.7127016129032%,811953.0000000000,35.6270350700%,89.2502408900%,6.893625616261%,14056.0000000000,18.162917560155%,35.277385454159%
B) Lower Tier Local Authorities,Leicester,£8351589.0004423600,£22.420674104196,2.9441176470588%,368572.0000000000,28.0699712300%,79.8156004700%,6.9707057798904%,9987.0000000000,26.697089133475%,30.802853490578%
B) Lower Tier Local Authorities,Lewes,£1377811.0000000000,£13.685187576357,4.4428571428571%,99905.0000000000,40.2536057400%,90.5704683700%,8.1517441569491%,19564.0000000000,16.067866669871%,27.383713245455%
B) Lower Tier Local Authorities,Lewisham,£6442208.0004539610,£21.544188910064,5.4779411764706%,300553.0000000000,40.8353087800%,90.7204228200%,5.9769824290558%,10904.0000000000,14.622746586362%,38.858248390171%
B) Lower Tier Local Authorities,Lichfield,£44718.0000000000,£0.41276756786693,3.2830188679245%,106436.0000000000,35.8513901000%,93.5143124400%,7.1385621406291%,22463.0000000000,17.054946047226%,34.42554488301%
B) Lower Tier Local Authorities,Lincoln,£2218252.0000000000,£21.543957111223,2%,103813.0000000000,33.7313014900%,88.1526955300%,8.0982150597709%,12829.0000000000,17.383164689262%,32.022420288523%
B) Lower Tier Local Authorities,Liverpool,£14206072.9997455750,£28.649998285255,3.508865248227%,486088.0000000000,42.2563317700%,90.1711422100%,11.243848850414%,6975.0000000000,22.343112637335%,30.570828825789%
B) Lower Tier Local Authorities,Luton,£1960670.0000200000,£8.6259887901345,1.5446428571429%,225262.0000000000,31.7273575200%,82.8812029800%,6.1706198587416%,12142.0000000000,22.859558304092%,32.334462491676%
B) Lower Tier Local Authorities,Maidstone,£2617130.0000000000,£14.493794615909,3.487012987013%,175782.0000000000,36.7851904600%,93.1900518100%,6.2645777155795%,19299.0000000000,17.438473553126%,36.785191647436%
B) Lower Tier Local Authorities,Maldon,£503332.0000000000,£7.4492659246981,2.4047619047619%,66208.0000000000,37.8934740600%,92.6980471600%,6.8194175930401%,20480.0000000000,19.257415024897%,31.135207303432%
B) Lower Tier Local Authorities,Malvern Hills,£68400.0000000000,£0.84371530775873,4.55%,79486.0000000000,39.1075163400%,95.4345973800%,7.4428201192663%,19129.0000000000,14.567938021454%,28.34838056077%
B) Lower Tier Local Authorities,Manchester,£30992814.0012640320,£54.682457684074,7.2119205298013%,551938.0000000000,41.4466420100%,87.8674173400%,8.1737441524229%,6422.0000000000,19.661702720352%,31.848487754534%
B) Lower Tier Local Authorities,Mansfield,£959461.0000000000,£8.6383451877195,1.8720930232558%,110482.0000000000,31.6303325200%,85.3217594300%,10.273792822555%,12095.0000000000,24.298547188644%,35.609404458246%
B) Lower Tier Local Authorities,Medway,£5797396.0000000000,£20.511373004108,2.296875%,279773.0000000000,32.8504748600%,89.0269171700%,7.2079864747492%,14386.0000000000,19.374388349689%,36.288298803618%
B) Lower Tier Local Authorities,Melton,£21875.0000000000,£0.41742996717808,2.5681818181818%,51752.0000000000,35.2485612300%,93.5645272700%,6.0635337764724%,22467.0000000000,16.378708145112%,34.725714817919%
B) Lower Tier Local Authorities,Merton,£1472767.0000000000,£6.8462260774169,6%,215187.0000000000,40.7307085900%,91.2431656100%,4.8255703179095%,20773.0000000000,14.243709881867%,39.149862246197%
B) Lower Tier Local Authorities,Mid Devon,£1115505.0000000000,£13.309609602444,2.037037037037%,82852.0000000000,35.9374618500%,94.1871028900%,7.1633756577994%,17796.0000000000,17.028326784353%,31.297743501019%
B) Lower Tier Local Authorities,Mid Suffolk,£463124.0000000000,£4.3804173051094,2.8108108108108%,102699.0000000000,36.7245949800%,94.6372244700%,6.4312908345586%,21313.0000000000,17.594577370952%,33.06992642373%
B) Lower Tier Local Authorities,Mid Sussex,£340831.9999328140,£2.1987742721941,3.5%,152566.0000000000,40.4785201600%,93.9031112600%,5.1643223260753%,27265.0000000000,11.723539524474%,36.329946398307%
B) Lower Tier Local Authorities,Middlesbrough,£2135956.0000000000,£14.375507292221,2.4923076923077%,143924.0000000000,29.4107595500%,85.4849397900%,10.015007920847%,9167.0000000000,23.944391297098%,28.989195973284%
B) Lower Tier Local Authorities,Milton Keynes,£2275905.0000000000,£7.7804195995446,4.7299465240642%,287060.0000000000,36.4100849600%,89.3862391400%,5.901553682157%,18495.0000000000,15.823885496217%,41.496208330554%
B) Lower Tier Local Authorities,Mole Valley,£29500.0000000000,£0.33579201384146,4.1847826086957%,87386.0000000000,42.9414543300%,96.2574678200%,5.6359142196691%,25398.0000000000,12.304566001742%,33.091416801449%
B) Lower Tier Local Authorities,New Forest,£328717.0000000000,£1.8684321215015,2.4305555555556%,175785.0000000000,42.5797521800%,95.3612386300%,7.312910657906%,22093.0000000000,16.102162104018%,28.993828239502%
B) Lower Tier Local Authorities,Newark and Sherwood,£799207.0000000000,£6.3907929247697,3.74%,122956.0000000000,32.3442870000%,90.3753326000%,8.5348298157863%,17376.0000000000,19.072837290496%,34.116585595481%
B) Lower Tier Local Authorities,Newcastle upon Tyne,£14106190.9999700000,£46.038181865556,4.885%,300125.0000000000,34.3075488600%,88.6938573900%,8.4204914618909%,13085.0000000000,18.60817065808%,29.413919266483%
B) Lower Tier Local Authorities,Newcastle-under-Lyme,£2300089.0000000000,£18.341432490192,2.7613636363636%,123299.0000000000,34.7850997400%,90.2953414700%,8.6756583589486%,17439.0000000000,20.050783559307%,33.918049309971%
B) Lower Tier Local Authorities,Newham,£5628475.0001779330,£15.759547189751,2.365671641791%,351036.0000000000,30.2407174000%,85.1105903300%,5.5886005993687%,8654.0000000000,20.693837942746%,31.714179155819%
B) Lower Tier Local Authorities,North Devon,£3184844.9998158270,£31.704195906782,2.7142857142857%,98611.0000000000,33.6435909100%,93.4818819900%,7.9767977203355%,15708.0000000000,17.757987201012%,27.223398301579%
B) Lower Tier Local Authorities,North East Derbyshire,£59338.0000000000,£0.57167355511238,2.6724137931034%,102001.0000000000,35.2617438400%,91.3412743200%,9.3391241262341%,18770.0000000000,20.013368827179%,31.961301671064%
B) Lower Tier Local Authorities,North East Lincolnshire,£1216171.0000000000,£7.709727725126,0.83582089552239%,156966.0000000000,36.9508940900%,88.3971538400%,9.1784792788201%,12586.0000000000,24.236412255044%,32.696575466002%
B) Lower Tier Local Authorities,North Hertfordshire,£279897.0000000000,£2.0862769359203,4.6826923076923%,133210.0000000000,38.6960851300%,90.7560758200%,5.8899924179297%,23439.0000000000,13.599279754225%,38.67907891928%
B) Lower Tier Local Authorities,North Kesteven,£290320.0000000000,£2.4256197311365,3.5121951219512%,118074.0000000000,35.2518287700%,92.7687465700%,7.4190761725697%,23322.0000000000,16.208743559659%,36.484487384841%
B) Lower Tier Local Authorities,North Lincolnshire,£683891.0000000000,£4.0208777963959,0.8%,169680.0000000000,33.2801408900%,87.8346784000%,8.5519801980198%,15746.0000000000,21.844594061678%,34.243000035851%
B) Lower Tier Local Authorities,North Norfolk,£113762.0000000000,£1.1020993383258,1.6029411764706%,102979.0000000000,38.1432766900%,93.8215488900%,9.0182559720334%,14160.0000000000,20.563787900883%,22.766790437836%
B) Lower Tier Local Authorities,North Northamptonshire,£655468.0000000000,£1.8044840382773,1.8815789473684%,359522.0000000000,35.5367462100%,87.9943810100%,7.103817537028%,17355.0000000000,19.946332118429%,39.695076196371%
B) Lower Tier Local Authorities,North Somerset,£1681675.0000000000,£7.6731001756667,3.8111111111111%,216728.0000000000,39.4674217100%,92.9371638400%,7.5827765678639%,21013.0000000000,14.904769638287%,33.176902787189%
B) Lower Tier Local Authorities,North Tyneside,£1090541.0000000000,£5.1804220186973,5.4545454545455%,208967.0000000000,33.9206016500%,90.5309950800%,8.7295662493779%,16050.0000000000,17.472829889454%,36.123792365593%
B) Lower Tier Local Authorities,North Warwickshire,£0.0000000000,£0,0.89814814814815%,65035.0000000000,32.6753488900%,89.4443912000%,8.0406569073687%,17552.0000000000,22.178930572563%,36.422501762589%
B) Lower Tier Local Authorities,North West Leicestershire,£111544.9999685070,£1.0360280865687,1.958904109589%,104705.0000000000,33.3128148500%,91.4122466500%,6.8115180745905%,20637.0000000000,18.351999071549%,38.681599257239%
B) Lower Tier Local Authorities,North Yorkshire,£3915393.0000000000,£6.275714221601,2.3978873239437%,615491.0000000000,36.6337951300%,91.0604736100%,6.8257478151661%,20874.4356457682,16.077911711942%,32.028431832183%
B) Lower Tier Local Authorities,Northumberland,£2614222.0000000000,£8.0614704304225,2.1064814814815%,320567.0000000000,34.4124073600%,90.9191018500%,9.0268181066672%,16031.0000000000,17.918436577074%,30.483541007997%
B) Lower Tier Local Authorities,Norwich,£8355921.0000000000,£57.644135847182,4.1666666666667%,143922.0000000000,38.2274251900%,92.8745962700%,8.0849348952905%,12404.0000000000,17.072423444461%,31.243841242765%
B) Lower Tier Local Authorities,Nottingham,£10949036.0000000000,£33.439931098514,3.8357142857143%,323632.0000000000,32.1376208200%,85.6770416000%,8.1966554605231%,8363.0000000000,19.504241039338%,28.37723828224%
B) Lower Tier Local Authorities,Nuneaton and Bedworth,£654474.0000000000,£4.8301020671739,1.9222222222222%,134197.0000000000,34.6822918900%,89.5747965300%,8.3481746983912%,14530.0000000000,22.625176126056%,37.766829358136%
B) Lower Tier Local Authorities,Oadby and Wigston,£239879.0000000000,£4.1035821814698,2.5526315789474%,57747.0000000000,39.0330901000%,91.7965570800%,6.9129132249294%,22452.0000000000,18.578690955306%,32.908282143614%
B) Lower Tier Local Authorities,Oldham,£2547795.0000000000,£10.442082354822,1.672619047619%,242089.0000000000,32.9360943100%,84.2400596100%,8.5936047784474%,10595.0000000000,24.705536396931%,30.907584142006%
B) Lower Tier Local Authorities,Oxford,£5641661.0000000000,£34.729027134837,8.6388888888889%,162041.0000000000,33.5715673900%,92.6797903700%,4.8827450012343%,19052.0000000000,12.583566172706%,33.209233604939%
B) Lower Tier Local Authorities,Pendle,£290304.0000000000,£3.017807208125,1.7166666666667%,95757.0000000000,32.7098757600%,83.6030398100%,8.2500496047286%,10994.0000000000,24.778655180665%,30.647133893438%
B) Lower Tier Local Authorities,Peterborough,£1941304.9999405460,£8.9191020731727,3.9117647058824%,215673.0000000000,34.8352087300%,87.4831827300%,6.897015389038%,12023.0000000000,22.36100087723%,38.137777936911%
B) Lower Tier Local Authorities,Plymouth,£5069678.0000000000,£18.983078898986,2.2307692307692%,264695.0000000000,35.9219656800%,91.6237259400%,9.4452105253216%,13070.0000000000,17.332955210773%,33.225995316159%
B) Lower Tier Local Authorities,Portsmouth,£3094715.0000000000,£14.810862937846,4.9764150943396%,208003.0000000000,38.1451778800%,93.5937447900%,7.1422046797402%,12206.0000000000,17.425258018628%,33.310306876325%
B) Lower Tier Local Authorities,Preston,£735070.0000000000,£4.8401582943194,1.1326530612245%,147835.0000000000,33.9364437800%,87.5343590900%,8.1516555619441%,11727.0000000000,19.448213096933%,33.871239571922%
B) Lower Tier Local Authorities,Reading,£2084980.0000000000,£11.863868625599,11.8375%,174224.0000000000,39.3217975500%,92.7531272000%,5.1284553218845%,16772.0000000000,15.818253844739%,41.213381721457%
B) Lower Tier Local Authorities,Redbridge,£1590189.0000000000,£5.1046947980033,4.6158536585366%,310260.0000000000,29.4467158700%,83.9456464900%,5.305889595467%,17805.0000000000,17.332666713495%,31.212296504421%
B) Lower Tier Local Authorities,Redcar and Cleveland,£834696.0000000000,£6.0852093782806,1.0375%,136531.0000000000,34.0079710700%,89.0953099500%,10.658385275139%,12505.0000000000,22.014918730306%,29.425850097917%
B) Lower Tier Local Authorities,Redditch,£397691.0000000000,£4.5643930264321,2.9342105263158%,87036.0000000000,29.9159136100%,90.5243245600%,7.3015763592077%,15492.0000000000,20.789739647834%,39.165836298932%
B) Lower Tier Local Authorities,Reigate and Banstead,£246283.0000000000,£1.6026328461548,4.6538461538462%,150846.0000000000,41.4241953600%,94.0058727500%,5.3763440860215%,23708.0000000000,13.12339235322%,38.048065797031%
B) Lower Tier Local Authorities,Ribble Valley,£56550.0000000000,£0.89562876148242,1.8833333333333%,61561.0000000000,40.0756415400%,92.5064469900%,6.0102987280908%,24182.0000000000,13.217519723291%,34.703196347032%
B) Lower Tier Local Authorities,Richmond upon Thames,£550447.0000000000,£2.8204186201419,13.10625%,195278.0000000000,47.6687196300%,96.0203330000%,4.4664529542498%,25709.0000000000,9.0885172683753%,37.908043764238%
B) Lower Tier Local Authorities,Rochdale,£1186856.0000000000,£5.2295924212382,1.6463414634146%,223773.0000000000,31.2251520900%,82.5714044500%,8.9684635769284%,9522.0000000000,23.235036896889%,33.132891675765%
B) Lower Tier Local Authorities,Rochford,£75552.0000000000,£0.86648163864486,2.5869565217391%,85661.0000000000,44.3649855600%,92.8084204500%,6.1916324243556%,24766.0000000000,19.171262904823%,33.423840029415%
B) Lower Tier Local Authorities,Rossendale,£380790.0000000000,£5.3491508281006,2.047619047619%,70871.0000000000,38.2712116300%,90.6213797300%,8.8657786306937%,13856.0000000000,18.62543195225%,35.482801347271%
B) Lower Tier Local Authorities,Rother,£1159465.0000000000,£12.305802315832,1.6363636363636%,93110.0000000000,36.2290220700%,95.5031327500%,8.9206315111159%,16358.0000000000,18.87934179572%,23.584395325139%
B) Lower Tier Local Authorities,Rotherham,£1793945.0000000000,£6.6871624165477,1.8092783505155%,265807.0000000000,30.3542462900%,86.7328408300%,9.8259263300064%,11877.0000000000,23.439391760564%,33.174221022308%
B) Lower Tier Local Authorities,Rugby,£118922.0000000000,£1.0211315375963,2.2264150943396%,114363.0000000000,35.4822015300%,91.0711991600%,6.0141829088079%,21136.0000000000,15.675235925805%,41.548791599774%
B) Lower Tier Local Authorities,Runnymede,£126685.0000000000,£1.4223242654571,7.3928571428571%,88079.0000000000,33.1202681300%,92.3370619200%,5.4518619436876%,22755.0000000000,14.47804502386%,34.972978176268%
B) Lower Tier Local Authorities,Rushcliffe,£397691.9999397530,£3.2660616756847,6.84375%,119077.0000000000,40.7727604400%,94.0969029300%,6.0003191212409%,27747.0000000000,12.00012279481%,35.6268675044%
B) Lower Tier Local Authorities,Rushmoor,£293046.0000000000,£2.9013593655634,14.660377358491%,99754.0000000000,31.1067820500%,89.4594288300%,5.37311038935%,19640.0000000000,18.304460189685%,43.558957364725%
B) Lower Tier Local Authorities,Rutland,£16701.0000000000,£0.40511825348696,3.8333333333333%,41049.0000000000,40.2350482500%,96.5221669700%,5.4470158343484%,26450.0000000000,13.093294460641%,31.889086509024%
B) Lower Tier Local Authorities,Salford,£2898731.0000000000,£10.394672012106,6.3641975308642%,269923.0000000000,33.6330106600%,88.0762713100%,8.5583349387235%,9680.0000000000,19.7438722496%,37.653800231421%
B) Lower Tier Local Authorities,Sandwell,£2785005.0000000000,£8.0822706931877,0.85433070866142%,341832.0000000000,34.0243676800%,85.4122781900%,8.6697559034848%,7588.0000000000,28.883801705084%,32.475397141633%
B) Lower Tier Local Authorities,Sefton,£919528.0000000000,£3.2718875316237,1.6467391304348%,279233.0000000000,36.9683770200%,91.7484674800%,10.694614552669%,13915.0000000000,19.746807119006%,31.945143703015%
B) Lower Tier Local Authorities,Sevenoaks,£98204.0000000000,£0.81044457098529,4.1%,120514.0000000000,38.4301728300%,94.3169414100%,5.821730255406%,22555.0000000000,15.617527405981%,33.661480492324%
B) Lower Tier Local Authorities,Sheffield,£6890458.0000000000,£12.201936596647,3.3025830258303%,556521.0000000000,34.9011450600%,89.1828022300%,8.5083941127109%,14173.0000000000,19.380821917808%,30.655324856931%
B) Lower Tier Local Authorities,Shropshire,£2524627.0000000000,£7.7092790682761,2.5534351145038%,323606.0000000000,39.5905180100%,92.6429086500%,7.5323078064066%,17965.0000000000,16.739639884516%,31.098459108524%
B) Lower Tier Local Authorities,Slough,£877231.9993908930,£5.5037863777528,7.0975609756098%,158500.0000000000,33.5416031800%,80.5900534000%,4.9716715668337%,12993.0000000000,20.150671801167%,37.332784004439%
B) Lower Tier Local Authorities,Solihull,£573550.0000000000,£2.633572714249,4.3938356164384%,216240.0000000000,37.1710581800%,90.5233474700%,7.2599889012209%,20330.0000000000,17.559583502862%,34.86283746225%
B) Lower Tier Local Authorities,Somerset,£4011107.0000000000,£6.9505623896405,2.2551440329218%,571550.0000000000,37.9127970600%,93.7787564500%,7.3567389387344%,17174.2655577775,17.070438667784%,31.753444732675%
B) Lower Tier Local Authorities,South Cambridgeshire,£946452.9993498270,£5.7115364847403,8.9722222222222%,162119.0000000000,41.8078191800%,96.8843884200%,5.1628104933969%,26225.0000000000,11.82016231724%,39.603102154786%
B) Lower Tier Local Authorities,South Derbyshire,£195620.0000000000,£1.760043186828,3.6764705882353%,107208.0000000000,38.4025916500%,91.0646656300%,6.8231848369525%,20652.0000000000,16.010764312165%,39.938589631538%
B) Lower Tier Local Authorities,South Gloucestershire,£980442.0000000000,£3.3200770723349,3.5327380952381%,290424.0000000000,38.0045431500%,93.7062679800%,6.2708532037752%,23321.0000000000,14.236362717177%,38.115821136978%
B) Lower Tier Local Authorities,South Hams,£141544.0000000000,£1.5760734010333,2.2631578947368%,88627.0000000000,41.2701189600%,94.4327382900%,7.5767833367183%,20847.0000000000,12.97185540883%,25.346814640913%
B) Lower Tier Local Authorities,South Holland,£1901772.0000000000,£19.613176024091,1.2571428571429%,95122.0000000000,31.2574212500%,88.9962820000%,7.9193036311263%,16766.0000000000,24.556628732737%,36.285728752627%
B) Lower Tier Local Authorities,South Kesteven,£120750.0000000000,£0.83721607454863,5.6545454545455%,143404.0000000000,40.8425182500%,93.0376367500%,6.985858135059%,21760.0000000000,16.915932990433%,35.139097202803%
B) Lower Tier Local Authorities,South Norfolk,£22431.9999855470,£0.15511316087007,1.8474576271186%,141947.0000000000,35.1633172300%,92.7843927000%,6.7912193197509%,21168.0000000000,17.058667963385%,32.814646089798%
B) Lower Tier Local Authorities,South Oxfordshire,£105375.0000000000,£0.69396423984985,8.35%,149085.0000000000,40.9124709700%,94.1890505400%,4.9226951068183%,26555.0000000000,12.43631215481%,38.295017737939%
B) Lower Tier Local Authorities,South Ribble,£18551.0000000000,£0.16533720733327,1.57%,111035.0000000000,37.3219182900%,92.6611906200%,7.476021074436%,20400.0000000000,15.689788959442%,38.538547290651%
B) Lower Tier Local Authorities,South Staffordshire,£45737.0000000000,£0.41008697211513,2.1891891891892%,110472.0000000000,33.8673075600%,93.2509719800%,7.5992106597147%,21701.0000000000,19.289508632138%,32.036370646446%
B) Lower Tier Local Authorities,South Tyneside,£2149697.0000000000,£14.465553671404,1.75%,147776.0000000000,34.3829380100%,89.0092509200%,10.848778903348%,10358.0000000000,20.486924117007%,32.436866708989%
B) Lower Tier Local Authorities,Southampton,£4829233.0000119950,£19.15214692788,2.9521739130435%,248922.0000000000,35.6942435500%,92.9586220300%,7.0600429050064%,12103.0000000000,17.312397244187%,34.618753333431%
B) Lower Tier Local Authorities,Southend-on-Sea,£1236830.0000000000,£6.8376970876363,2.6190476190476%,180686.0000000000,34.7072089700%,89.8728030000%,7.7842223525896%,16094.0000000000,19.686496823987%,33.303053070145%
B) Lower Tier Local Authorities,Southwark,£15788543.9975396730,£50.686836251139,14.597222222222%,307637.0000000000,40.9207107300%,89.1513861600%,5.6433393902554%,11447.0000000000,13.866071149702%,42.013125685663%
B) Lower Tier Local Authorities,Spelthorne,£13134.0000000000,£0.1267051264736,8.4054054054054%,102956.0000000000,40.3448689500%,88.2697587600%,5.6567854228991%,20051.0000000000,16.808617835465%,38.952532898288%
B) Lower Tier Local Authorities,St Albans,£918317.0000000000,£6.1829535967251,4.90625%,148167.0000000000,43.9568869300%,96.4540556100%,4.6527637173517%,26629.0000000000,10.149796280504%,38.007580325609%
B) Lower Tier Local Authorities,St. Helens,£1265945.0000000000,£6.8530217400719,1.2615384615385%,183248.0000000000,36.0297819500%,89.5325777900%,10.930542216013%,11282.0000000000,21.415146342921%,35.657359934118%
B) Lower Tier Local Authorities,Stafford,£2788471.0000000000,£20.112453477972,3.7734375%,136867.0000000000,36.3092134900%,93.1987991900%,7.2011514828264%,21617.0000000000,15.763763587554%,36.275459010333%
B) Lower Tier Local Authorities,Staffordshire Moorlands,£38157.0000000000,£0.39786661661662,1.5%,95845.0000000000,35.6800585900%,91.7613440300%,8.3812405446293%,20258.0000000000,20.063568230725%,32.060700504601%
B) Lower Tier Local Authorities,Stevenage,£35726.0000120000,£0.39865649004642,2.3301886792453%,89495.0000000000,34.3629179700%,91.0318834000%,7.0428515559528%,15514.0000000000,17.004042899657%,40.270076783784%
B) Lower Tier Local Authorities,Stockport,£2003104.0000000000,£6.7401233550141,3.7335766423358%,294773.0000000000,36.6928962900%,92.1628123900%,7.7035549388852%,17528.0000000000,15.519803119781%,36.1574874334%
B) Lower Tier Local Authorities,Stockton-on-Tees,£3226781.0000000000,£16.124875069961,2.5740740740741%,196595.0000000000,32.1143334400%,89.6983709900%,8.9732699203947%,15320.0000000000,18.632365040187%,34.019796466002%
B) Lower Tier Local Authorities,Stoke-on-Trent,£2413038.0000000000,£9.2806298267746,1.9308943089431%,258369.0000000000,32.1195603800%,86.2499601900%,9.7403703244984%,9209.0000000000,25.912830624873%,34.462527744185%
B) Lower Tier Local Authorities,Stratford-on-Avon,£16681443.0000000000,£120.38018228659,6.0197368421053%,134725.0000000000,43.3533915300%,93.6655310100%,5.9476711820375%,22854.0000000000,14.408863715054%,33.697919903408%
B) Lower Tier Local Authorities,Stroud,£948223.0000000000,£7.6950537634409,4.6458333333333%,121104.0000000000,34.2990765400%,95.0642396900%,6.2706434139252%,24062.0000000000,13.490693148361%,33.115761948961%
B) Lower Tier Local Authorities,Sunderland,£3324742.0000000000,£11.980534175099,1.6495726495726%,274171.0000000000,30.3122999000%,85.2808440400%,11.458219352956%,10905.0000000000,22.853882187454%,32.721144404045%
B) Lower Tier Local Authorities,Surrey Heath,£0.0000000000,£0,3.4907407407407%,90453.0000000000,43.1033263000%,94.4763521900%,5.0180756857152%,27072.0000000000,13.06922910116%,38.360100291387%
B) Lower Tier Local Authorities,Sutton,£605854.0000000000,£2.8809993675491,3.4647887323944%,209639.0000000000,38.3384263900%,90.5078816200%,5.8219129074266%,21536.0000000000,15.165069994024%,38.018459606783%
B) Lower Tier Local Authorities,Swale,£215177.0000000000,£1.3918485362036,1.8867924528302%,151677.0000000000,38.2421189100%,89.3428089400%,8.3539363252174%,12746.0000000000,21.986885245902%,34.380891490024%
B) Lower Tier Local Authorities,Swindon,£1656207.0000000000,£7.0281898732029,2.6576576576577%,233410.0000000000,28.0600369200%,86.1130163100%,6.3686217385716%,18439.0000000000,17.328253656139%,41.382092534905%
B) Lower Tier Local Authorities,Tameside,£928255.0000000000,£3.9872468922622,1.7028985507246%,231073.0000000000,32.9819279300%,89.2088610000%,9.1478376775969%,10180.0000000000,21.841899154671%,36.453742113905%
B) Lower Tier Local Authorities,Tamworth,£177202.0000000000,£2.2250656085586,2.8166666666667%,78647.0000000000,34.5501884000%,92.5606198300%,7.7638053581192%,15980.0000000000,21.788340047969%,38.844387315223%
B) Lower Tier Local Authorities,Tandridge,£80218.0000000000,£0.90250213761757,3.171875%,87874.0000000000,47.2514834400%,94.9113877500%,5.8083164531033%,22832.0000000000,13.818371784373%,34.945712793144%
B) Lower Tier Local Authorities,Teignbridge,£299697.0000000000,£2.2041081987468,2.40625%,134803.0000000000,37.1238216900%,94.6200480800%,8.1125790969044%,19178.0000000000,15.651192920916%,28.962374736694%
B) Lower Tier Local Authorities,Telford and Wrekin,£1966031.0000000000,£10.40228042328,4.4193548387097%,185541.0000000000,35.0226041000%,86.8809458200%,8.6466530128274%,14299.0000000000,19.953858467913%,37.345799421538%
B) Lower Tier Local Authorities,Tendring,£463889.0000000000,£3.0639960369881,1.8625%,148292.0000000000,32.9777174800%,89.5636368200%,11.115232109622%,10854.0000000000,26.248698854992%,25.150132116262%
B) Lower Tier Local Authorities,Test Valley,£181838.0000000000,£1.3679847130691,3.0806451612903%,130492.0000000000,32.6724212100%,93.1595015100%,5.7612727216994%,23253.0000000000,14.095286270983%,38.442010997349%
B) Lower Tier Local Authorities,Tewkesbury,£58726.9999611000,£0.60523332468773,3.3877551020408%,94884.0000000000,38.1266589100%,93.7049907400%,5.8101912841861%,22900.0000000000,13.854845382149%,36.350238516929%
B) Lower Tier Local Authorities,Thanet,£3482597.0000000000,£24.754924191267,2.3720930232558%,140587.0000000000,42.5411563000%,93.7131574000%,10.235654790272%,11016.0000000000,21.651923026937%,27.364335040247%
B) Lower Tier Local Authorities,Three Rivers,£154720.0000000000,£1.642829080793,5.3214285714286%,93771.0000000000,38.3468423700%,91.6110664900%,5.1401819325804%,25058.0000000000,13.362132181379%,36.713687634996%
B) Lower Tier Local Authorities,Thurrock,£1834893.0000000000,£10.379058533385,1.2368421052632%,176000.0000000000,35.3515471300%,88.6016541400%,6.0523071153813%,15610.0000000000,21.591634094292%,38.607697046141%
B) Lower Tier Local Authorities,Tonbridge and Malling,£67572.0000000000,£0.50553627005028,3.0454545454545%,132201.0000000000,33.2405220000%,94.1588028800%,5.9311200369135%,21874.0000000000,15.469173473836%,36.856319769535%
B) Lower Tier Local Authorities,Torbay,£221919.0000000000,£1.5918556190777,1.7244897959184%,139324.0000000000,38.7215427200%,89.7601199000%,10.95152989815%,11768.0000000000,19.769806548636%,26.356489788943%
B) Lower Tier Local Authorities,Torridge,£570138.0000000000,£8.3033030408948,1.7142857142857%,68114.0000000000,36.3919999100%,93.4617879300%,8.7867398772646%,12719.0000000000,18.804725503822%,24.221681723419%
B) Lower Tier Local Authorities,Tower Hamlets,£17320565.0000300000,£53.482634150049,6.9611940298507%,310306.0000000000,31.7571114400%,87.4879918200%,5.6714984563624%,10105.0000000000,16.212635882997%,39.771590365353%
B) Lower Tier Local Authorities,Trafford,£895974.0000000000,£3.7860562600623,5.0325443786982%,235052.0000000000,35.5832364000%,93.2508111700%,6.7725439477222%,20407.0000000000,13.961783713222%,37.228579102874%
B) Lower Tier Local Authorities,Tunbridge Wells,£300501.0000000000,£2.5866236281472,4.1603773584906%,115311.0000000000,36.9633064100%,92.2846203400%,5.6464691139614%,23551.0000000000,13.478354978355%,34.97002229389%
B) Lower Tier Local Authorities,Uttlesford,£75528.0000000000,£0.81497707040734,2.7291666666667%,91341.0000000000,36.5703586100%,94.9145520200%,4.7032548362729%,25532.0000000000,13.760694223419%,35.235789387777%
B) Lower Tier Local Authorities,Vale of White Horse,£57754.0000000000,£0.4057610566621,5.8125%,138913.0000000000,42.8225160000%,94.1093718900%,5.1211909612491%,26618.0000000000,12.534467116148%,40.264176117412%
B) Lower Tier Local Authorities,Wakefield,£5785303.0000000000,£16.173707988303,1.7604790419162%,353370.0000000000,31.5710943900%,86.2479844900%,9.2053654809407%,12627.0000000000,24.425556185422%,36.873039389576%
B) Lower Tier Local Authorities,Walsall,£1643939.0009381520,£5.7436604299455,1.0555555555556%,284124.0000000000,30.2969233800%,84.5065030600%,8.8556404949951%,10824.0000000000,26.347377857463%,31.924230267552%
B) Lower Tier Local Authorities,Waltham Forest,£1793486.0000237600,£6.4908002548704,3.195652173913%,278425.0000000000,40.0958380200%,90.6564741500%,5.7225259135282%,11673.0000000000,18.244052173443%,35.43504482771%
B) Lower Tier Local Authorities,Wandsworth,£3813288.0003242630,£11.57794254375,7.484126984127%,327506.0000000000,39.5705505400%,95.1920600100%,4.5080090135753%,18535.0000000000,9.943777919125%,48.268563637095%
B) Lower Tier Local Authorities,Warrington,£1280212.0000000000,£6.0445237656813,2.4711538461538%,210974.0000000000,37.0017184200%,89.9531845300%,7.6270061713766%,18724.0000000000,16.473769229433%,38.580493509802%
B) Lower Tier Local Authorities,Warwick,£2212462.0000000000,£14.62949224045,6.9526315789474%,148452.0000000000,35.3815655100%,96.1030336100%,5.5485574558951%,23087.0000000000,12.614805439263%,37.144433446379%
B) Lower Tier Local Authorities,Watford,£1693938.0000000000,£16.439137059286,6.171875%,102246.0000000000,36.5395490400%,93.0745651700%,5.1004440271502%,19649.0000000000,15.860331262429%,39.977520595828%
B) Lower Tier Local Authorities,Waverley,£2844577.0000000000,£21.826124653761,6.53%,128229.0000000000,41.8758468100%,96.2683896600%,5.0947913498507%,27472.0000000000,11.443155721095%,33.067667576877%
B) Lower Tier Local Authorities,Wealden,£330676.0000000000,£2.0271698483344,3.6862745098039%,160151.0000000000,38.8109465800%,95.2324366100%,6.5438242658491%,22641.0000000000,14.938495151443%,28.696276786783%
B) Lower Tier Local Authorities,Welwyn Hatfield,£1805139.9999035000,£14.990367047862,2.4090909090909%,119837.0000000000,44.5918969100%,93.9956114800%,5.6702493407657%,20831.0000000000,14.33568585614%,35.521726642321%
B) Lower Tier Local Authorities,West Berkshire,£859610.0000000000,£5.2932628065789,5.868932038835%,161447.0000000000,35.8942990000%,92.7009193000%,5.0654080570834%,24928.0000000000,14.138416350508%,39.388237453819%
B) Lower Tier Local Authorities,West Devon,£36977.0000000000,£0.63521267092696,2.4705882352941%,57096.0000000000,34.1431129900%,94.2698353700%,8.2440100882724%,16565.0000000000,15.570397634458%,25.286381870063%
B) Lower Tier Local Authorities,West Lancashire,£27470.0000000000,£0.23014410187668,1.421568627451%,117429.0000000000,36.7772044000%,91.4458037000%,8.8547876145383%,18713.0000000000,17.781597038604%,32.304187768219%
B) Lower Tier Local Authorities,West Lindsey,£42250.0000000000,£0.4365210563293,2.0535714285714%,95153.0000000000,37.4230636700%,90.7161797800%,8.3696783075678%,17209.0000000000,18.107359985844%,31.275278058645%
B) Lower Tier Local Authorities,West Northamptonshire,£2655460.0000000000,£6.1825191904282,2.8634259259259%,425725.0000000000,36.9647961200%,90.1392851100%,5.8894826472488%,19202.0000000000,17.41018922853%,39.125131367121%
B) Lower Tier Local Authorities,West Oxfordshire,£217360.0000000000,£1.8581271692113,4.5729166666667%,114237.0000000000,38.7793259600%,95.7331194400%,5.3922984672217%,26352.0000000000,13.919773156094%,38.088689905127%
B) Lower Tier Local Authorities,West Suffolk,£457526.0000000000,£2.5093567636348,1.5980392156863%,179948.0000000000,33.1540023900%,90.2209162900%,6.2306542409238%,18662.0000000000,20.938647656081%,38.136096671842%
B) Lower Tier Local Authorities,Westminster,£34839933.0000000000,£166.01037328581,13.729899497487%,204236.0000000000,41.4935833500%,91.9946818200%,6.4905941224282%,16138.0000000000,12.89366473767%,36.20330196653%
B) Lower Tier Local Authorities,Westmorland and Furness,£3886371.0000000000,£17.071843372224,1.7090909090909%,226594.0000000000,36.3157171300%,92.2275986300%,7.6434217320499%,18102.4384472121,16.020210640246%,30.98134926417%
B) Lower Tier Local Authorities,Wigan,£2644183.0000000000,£7.9163837443939,1.3545454545455%,329330.0000000000,30.7412890300%,86.5215715700%,9.2754987398658%,14279.0000000000,21.054061497466%,36.883220317536%
B) Lower Tier Local Authorities,Wiltshire,£2933785.0000000000,£5.684451092506,3.8875598086124%,510330.0000000000,38.9256320400%,93.8098229200%,6.2678927989873%,21558.0000000000,14.413500861341%,36.305873819534%
B) Lower Tier Local Authorities,Winchester,£2598599.0000000000,£19.897846045468,6.3453608247423%,127445.0000000000,39.9569507100%,95.1751778200%,5.3450927466181%,25358.0000000000,11.096897374702%,33.404295942721%
B) Lower Tier Local Authorities,Windsor and Maidenhead,£454575.0000000000,£2.9352226720648,6.5454545454545%,153496.0000000000,38.2773307800%,93.7019782400%,4.684812633554%,26634.0000000000,12.574893875076%,38.543452246192%
B) Lower Tier Local Authorities,Wirral,£849703.0000000000,£2.6352364323174,1.9754901960784%,320199.0000000000,40.0113540300%,91.0493394700%,11.016239850094%,13278.0000000000,17.890825296057%,32.434731850247%
B) Lower Tier Local Authorities,Woking,£254995.0000000000,£2.4450570524499,11.86170212766%,103943.0000000000,36.5839801800%,94.1518589400%,5.1230001058272%,24341.0000000000,13.24761089888%,39.596789742601%
B) Lower Tier Local Authorities,Wokingham,£131667.0000000000,£0.72590595590546,14.184782608696%,177502.0000000000,38.0026261800%,95.3697164900%,4.262487183243%,29193.0000000000,10.418190468751%,40.858962796742%
B) Lower Tier Local Authorities,Wolverhampton,£2794176.0000000000,£10.430388819208,1.5818181818182%,263727.0000000000,34.6435008700%,83.3146891200%,8.3984574958195%,9733.0000000000,25.332348242428%,33.075070522538%
B) Lower Tier Local Authorities,Worcester,£1589679.0000000000,£15.267904993325,4.0892857142857%,103872.0000000000,36.7925781600%,92.7824399100%,6.6928527418361%,17741.0000000000,17.36890674828%,37.187080193914%
B) Lower Tier Local Authorities,Worthing,£949373.0000000000,£8.4748799342986,3.1%,111338.0000000000,37.6133323200%,94.1478984000%,7.8239235481147%,18640.0000000000,16.216772237562%,33.024741486655%
B) Lower Tier Local Authorities,Wychavon,£2233902.0000000000,£16.603505173029,3.8148148148148%,132492.0000000000,36.7719518700%,93.7757866600%,6.760408175588%,19308.0000000000,17.644083564403%,33.671432571331%
B) Lower Tier Local Authorities,Wyre,£109332.0000000000,£0.95134175629111,1.6142857142857%,111946.0000000000,37.6715714500%,91.3105748000%,10.08879281082%,17161.0000000000,19.812190649808%,28.714812616585%
B) Lower Tier Local Authorities,Wyre Forest,£97210.0000000000,£0.95018864973706,2.0909090909091%,101607.0000000000,36.3311998900%,92.4772409100%,8.6147335268934%,15464.0000000000,21.781393753769%,31.63483710755%
B) Lower Tier Local Authorities,York,£4877298.0000000000,£23.89485339147,4.095652173913%,202821.0000000000,38.0477992800%,93.9520823500%,5.8849921852274%,23815.0000000000,13.338330921706%,32.050998942365%
C) Upper Tier Local Authorities,Barking and Dagenham (UTLA),£2276334.0000097000,£10.345138816345,2.1525423728814%,218869.0000000000,38.6133128000%,83.0221862500%,6.2713599064276%,7261.0000000000,22.749248822227%,30.847748939696%
C) Upper Tier Local Authorities,Barnet (UTLA),£1536461.0000000000,£3.9361515168594,4.6691176470588%,389344.0000000000,39.0095277700%,91.8893843500%,5.6513006492973%,19180.0000000000,15.439270221171%,31.9939874901%
C) Upper Tier Local Authorities,Barnsley (UTLA),£3010196.0000000000,£12.214325131468,1.1744186046512%,244572.0000000000,34.1855093800%,87.3813259700%,10.596061691445%,11051.0000000000,25.190950498023%,34.502382477777%
C) Upper Tier Local Authorities,Bath and North East Somerset (UTLA),£1252482.0000000000,£6.3906055472784,7.28125%,193409.0000000000,37.4924779400%,95.5710128300%,6.0581462082943%,23596.0000000000,12.254204358425%,30.363949113949%
C) Upper Tier Local Authorities,Bedford (UTLA),£752026.0000000000,£4.0107411614747,2.9819277108434%,185225.0000000000,37.5587309000%,88.8676546600%,6.2140639762451%,17510.0000000000,16.752184069458%,38.30594525986%
C) Upper Tier Local Authorities,Bexley (UTLA),£186030.0000000000,£0.75086577815091,2.2635135135135%,246472.0000000000,37.2469612000%,89.9335514400%,6.2489856860008%,19421.0000000000,18.170305119367%,37.0061329643%
C) Upper Tier Local Authorities,Birmingham (UTLA),£34698631.0000687420,£30.062380601348,3.9166666666667%,1144919.0000000000,34.1533677800%,84.9420300000%,8.0641512631025%,7581.0000000000,23.852575753999%,28.712194617489%
C) Upper Tier Local Authorities,Blackburn with Darwen (UTLA),£1217379.0000000000,£7.8125758071658,1.2214285714286%,154739.0000000000,28.8263307900%,80.9991356300%,9.1263942922876%,9105.0000000000,24.201727081032%,31.44867750546%
C) Upper Tier Local Authorities,Blackpool (UTLA),£2038332.0000000000,£14.390121992545,1.2741935483871%,141036.0000000000,34.5379553400%,85.9473175600%,12.300405570209%,6040.0000000000,24.561629706034%,28.928638965772%
C) Upper Tier Local Authorities,Bolton (UTLA),£4505909.0000000000,£15.062222341076,1.6%,295963.0000000000,33.3536869700%,84.8466426000%,8.6088463760673%,11802.0000000000,22.580256320844%,32.012587551067%
C) Upper Tier Local Authorities,"Bournemouth, Christchurch and Poole (UTLA)",£5332926.0000000000,£13.247563711158,4.1825396825397%,400196.0000000000,37.5551440700%,94.6811184600%,7.6502513768254%,18139.0000000000,15.919894418766%,31.68750821121%
C) Upper Tier Local Authorities,Bracknell Forest (UTLA),£12000.0000000000,£0.094465874202944,13.067796610169%,124607.0000000000,38.8501822900%,91.4760537600%,4.7693949778102%,24598.0000000000,13.191838531816%,43.525726979807%
C) Upper Tier Local Authorities,Bradford (UTLA),£6352526.0000000000,£11.486474855527,1.6414141414141%,546412.0000000000,33.4627481600%,85.3011385700%,8.0013030484379%,9855.0000000000,23.986773377865%,29.863321741853%
C) Upper Tier Local Authorities,Brent (UTLA),£3086525.9997821850,£9.0465410052148,4.0737704918033%,339816.0000000000,34.2702881200%,86.0706779500%,5.6089507789555%,11822.0000000000,21.723249364876%,31.795945366393%
C) Upper Tier Local Authorities,Brighton and Hove (UTLA),£9712442.0000000000,£34.890404856845,6.1433566433566%,277103.0000000000,45.2546508200%,93.7975708000%,7.3442005319322%,16607.0000000000,12.412530218765%,31.63257068808%
C) Upper Tier Local Authorities,Bristol (UTLA),£15331943.9999851000,£32.03257590316,7.6168831168831%,472465.0000000000,39.6658686700%,91.6108274300%,6.8669491561298%,13530.0000000000,14.538320999312%,37.110605889538%
C) Upper Tier Local Authorities,Bromley (UTLA),£1653746.0000000000,£5.0160787894046,4.752380952381%,329991.0000000000,38.4553845300%,94.7951967300%,5.5392419793267%,21718.0000000000,13.799568445196%,37.504904031869%
C) Upper Tier Local Authorities,Buckinghamshire (UTLA),£1472062.0000000000,£2.6254565819136,5.7979591836735%,553078.0000000000,39.7367330700%,93.2277775100%,4.9557205312813%,24919.0000000000,13.753199742893%,36.832704096131%
C) Upper Tier Local Authorities,Bury (UTLA),£976940.0000000000,£5.0205046508043,1.8013698630137%,193851.0000000000,34.9825818300%,89.8229316500%,8.2527301896818%,15220.0000000000,18.535186895069%,34.965874824854%
C) Upper Tier Local Authorities,Calderdale (UTLA),£2758854.0000000000,£13.285437734759,2.1538461538462%,206631.0000000000,34.9716001900%,89.0674790600%,7.9470935831853%,13180.0000000000,19.182759820925%,33.151097615133%
C) Upper Tier Local Authorities,Cambridgeshire (CTY),£5640021.0000000000,£8.173256450907,5.9441340782123%,678849.0000000000,38.7644211912%,93.6822386212%,6.0179804345296%,21402.0000000000,15.057884702321%,38.049631196752%
C) Upper Tier Local Authorities,Camden (UTLA),£15026768.0003221120,£69.131497712705,18.384428223844%,210136.0000000000,43.5667551400%,90.6055933400%,6.6870978794685%,16086.0000000000,11.774558903709%,35.029903095982%
C) Upper Tier Local Authorities,Central Bedfordshire (UTLA),£817470.0000300000,£2.7084686237824,2.7935779816514%,294252.0000000000,32.7050288700%,91.9270221100%,5.5061647839267%,23048.0000000000,15.035542471458%,39.911724953539%
C) Upper Tier Local Authorities,Cheshire East (UTLA),£984375.0000000000,£2.4210685535937,3.6820388349515%,398772.0000000000,38.3731702900%,92.8571881200%,6.8836327525503%,21521.0000000000,15.031277221502%,35.55940681207%
C) Upper Tier Local Authorities,Cheshire West and Chester (UTLA),£2083825.0000000000,£5.7596206733573,2.5414201183432%,357150.0000000000,39.5145782100%,94.0699659700%,7.7197256054879%,19032.0000000000,15.835359123504%,35.11061152906%
C) Upper Tier Local Authorities,City of London (UTLA),£5893745.0000000000,£514.42306013791,13.000756429652%,8583.0000000000,25.0400956200%,96.6410005400%,3.2622626121403%,21178.0000000000,6.6075443417437%,47.038980509745%
C) Upper Tier Local Authorities,Cornwall (UTLA),£6431925.0000000000,£11.175616646859,3.0326086956522%,570305.0000000000,36.4191994700%,93.0981924400%,8.8871744066771%,13442.0000000000,16.320678640624%,26.769440226214%
C) Upper Tier Local Authorities,County Durham (UTLA),£6505578.0000000000,£12.328081651835,2.260989010989%,522068.0000000000,31.1356996400%,88.8047082200%,10.725039650007%,12648.0000000000,20.924605606994%,32.163250821508%
C) Upper Tier Local Authorities,Coventry (UTLA),£5252216.0000000000,£14.88347894097,2.171686746988%,345324.0000000000,33.7305735800%,84.4639498400%,7.3554324501988%,13585.0000000000,19.384699844333%,33.754347692608%
C) Upper Tier Local Authorities,Croydon (UTLA),£3414998.9999880070,£8.6981966837014,3.8968253968254%,390719.0000000000,40.0110550300%,90.2672429700%,6.0698353548202%,14612.0000000000,16.068776437917%,36.084872227735%
C) Upper Tier Local Authorities,Cumberland (UTLA),£2768969.0000000000,£10.056873363334,1.1940298507463%,273255.0000000000,0.0000000000%,0.0000000000%,8.7987733024951%,14737.2726757058,20.470543833164%,33.405306720734%
C) Upper Tier Local Authorities,Darlington (UTLA),£880385.0000000000,£8.0464387230037,2.1454545454545%,107799.0000000000,27.2573690600%,88.6123085300%,8.5055658627087%,14543.0000000000,19.262941650493%,35.55384039136%
C) Upper Tier Local Authorities,Derby (UTLA),£5026954.0000000000,£19.068940141112,3.7316176470588%,261364.0000000000,34.4552699300%,89.0915788200%,8.2253102952205%,14087.0000000000,20.144940699559%,34.256404372995%
C) Upper Tier Local Authorities,Derbyshire (CTY),£5413757.0000000000,£6.738096097479,2.7584459459459%,794636.0000000000,34.7058865551%,90.8195912476%,8.5041452941976%,18046.0000000000,18.864841926586%,34.79267072838%
C) Upper Tier Local Authorities,Devon (CTY),£7447796.0000000000,£9.0155233940356,2.7368421052632%,811640.0000000000,36.7707274727%,94.4807172032%,7.6761864866197%,18565.0000000000,15.557691716815%,27.938964580846%
C) Upper Tier Local Authorities,Doncaster (UTLA),£2208555.0000000000,£7.102285151979,0.80916030534351%,308106.0000000000,33.4811641800%,86.8433955700%,9.4109552139016%,11251.0000000000,24.630571319263%,33.884491842216%
C) Upper Tier Local Authorities,Dorset (UTLA),£2159851.0000000000,£5.6338109360857,2.9897260273973%,379579.0000000000,40.4596256500%,92.7291023200%,7.6524254503015%,19587.0000000000,15.79176271039%,27.710158434296%
C) Upper Tier Local Authorities,Dudley (UTLA),£1748621.0000000000,£5.3815148446901,2.6171171171171%,323488.0000000000,32.6727678700%,88.3490037200%,8.4420442180235%,14776.0000000000,23.074959617202%,33.779829935083%
C) Upper Tier Local Authorities,Ealing (UTLA),£706849.0000000000,£1.9097368755218,4.5884615384615%,367115.0000000000,40.1714991900%,87.4833609300%,5.4119281424077%,13904.0000000000,17.918143622766%,34.579224094444%
C) Upper Tier Local Authorities,East Riding of Yorkshire (UTLA),£1272206.0000000000,£3.6735409279386,1.9734848484848%,342215.0000000000,35.6762761700%,91.3572677500%,7.6805516999547%,20770.0000000000,18.212327340876%,31.773917027021%
C) Upper Tier Local Authorities,East Sussex (CTY),£6603240.0000000000,£11.983949387213,3.0130890052356%,545847.0000000000,37.3980139372%,93.4810512720%,8.2792430846006%,17191.0000000000,17.327313948104%,27.502035602747%
C) Upper Tier Local Authorities,Enfield (UTLA),£1303457.0000000000,£3.9809208798324,3.787037037037%,329984.0000000000,34.2359772800%,85.5527042300%,6.4078864429791%,12522.0000000000,22.479411467366%,29.108180199236%
C) Upper Tier Local Authorities,Essex (CTY),£7271552.0000000000,£4.7843596017788,3.2931893687708%,1503521.0000000000,35.6572665177%,91.2063481826%,6.7927218841639%,19225.0000000000,18.867727244879%,34.116172837893%
C) Upper Tier Local Authorities,Gateshead (UTLA),£8615775.0000000000,£43.531163791797,4.0585106382979%,196151.0000000000,33.3436286500%,88.7805046800%,10.087126754388%,12014.0000000000,21.623409543358%,34.367445857471%
C) Upper Tier Local Authorities,Gloucestershire (CTY),£4762184.0000000000,£7.2965100066496,4.3691275167785%,645076.0000000000,37.5580763892%,93.3648221340%,6.3871543818093%,20921.0000000000,15.171224383975%,34.455226053712%
C) Upper Tier Local Authorities,Greenwich (UTLA),£2631100.9999888030,£9.0143552636154,4.8296703296703%,289068.0000000000,38.9637605600%,89.5090937400%,6.414385492737%,12374.0000000000,16.678708846214%,38.58471636438%
C) Upper Tier Local Authorities,Hackney (UTLA),£10185504.0000300000,£38.930650685046,19.170454545455%,259146.0000000000,37.1593195000%,86.7798684100%,6.4141449221674%,7484.0000000000,16.72952431875%,37.475294319842%
C) Upper Tier Local Authorities,Halton (UTLA),£666299.0000000000,£5.1647882301873,1.8769230769231%,128478.0000000000,39.7036782400%,92.0282351700%,10.717704838923%,11023.0000000000,21.034555739408%,37.23207757725%
C) Upper Tier Local Authorities,Hammersmith and Fulham (UTLA),£3091854.0000000000,£16.66713745108,17.645833333333%,183157.0000000000,39.4041066900%,94.0848238100%,5.5181864838009%,14139.0000000000,11.855703439266%,41.440969527653%
C) Upper Tier Local Authorities,Hampshire (CTY),£5542301.0000000000,£3.9105829076872,5.0064102564103%,1400899.0000000000,35.8779193077%,93.2045668084%,6.1567607657654%,22781.0000000000,14.738773393379%,36.325499857531%
C) Upper Tier Local Authorities,Haringey (UTLA),£3718661.0000519700,£14.171024301586,5.8150684931507%,264238.0000000000,40.6088473100%,89.2484532900%,6.129322807469%,11131.0000000000,18.481944444444%,33.305555555556%
C) Upper Tier Local Authorities,Harrow (UTLA),£933862.0000000000,£3.565270508107,5.6666666666667%,261203.0000000000,39.5087340000%,88.0257029100%,5.2863098815864%,19846.0000000000,17.390516172121%,32.39530013405%
C) Upper Tier Local Authorities,Hartlepool (UTLA),£2570877.0000000000,£27.394343985423,2.7068965517241%,92338.0000000000,31.8397568100%,88.9152223200%,11.382096211744%,10275.0000000000,23.144899981255%,30.42511883243%
C) Upper Tier Local Authorities,Havering (UTLA),£1650617.0000000000,£6.2363918012657,2.0555555555556%,262052.0000000000,36.3127892200%,88.1902975300%,6.3380550425106%,19006.0000000000,20.000476803509%,35.218614409002%
C) Upper Tier Local Authorities,Herefordshire (UTLA),£2325097.0000000000,£12.321919913512,2.8132530120482%,187034.0000000000,37.7054362500%,91.5704333900%,7.4858047199974%,16436.0000000000,18.019766694456%,30.436830180994%
C) Upper Tier Local Authorities,Hertfordshire (CTY),£5252041.0000000000,£4.3580447700137,4.3543613707165%,1198798.0000000000,38.2881752543%,92.7975140284%,5.5438864596037%,22350.0000000000,14.664454827069%,37.352984109772%
C) Upper Tier Local Authorities,Hillingdon (UTLA),£559666.0000000000,£1.8001826989263,3.3376288659794%,305909.0000000000,35.9343112900%,86.0260091300%,5.5846673357109%,17482.0000000000,18.152126278537%,35.480550192452%
C) Upper Tier Local Authorities,Hounslow (UTLA),£1179688.0000096460,£4.0511402855423,14.588414634146%,288181.0000000000,38.7146267400%,85.5987184700%,5.3619079675621%,14256.0000000000,18.641688640508%,35.719689515688%
C) Upper Tier Local Authorities,Isle of Wight (UTLA),£2041944.0000000000,£14.504606510914,1.8018867924528%,140459.0000000000,36.9449518500%,94.1246822500%,9.8485657532198%,13400.0000000000,18.450320271604%,24.398748996521%
C) Upper Tier Local Authorities,Isles of Scilly (UTLA),£80950.0000000000,£35.488820692679,4.4444444444444%,2054.0000000000,36.9281507900%,93.2354830100%,4.9196298100341%,22165.0000000000,12.312138728324%,30.769230769231%
C) Upper Tier Local Authorities,Islington (UTLA),£19022822.0001564060,£86.627239360622,20.381322957198%,216589.0000000000,42.1774417200%,93.9171467700%,7.2819949304905%,10318.0000000000,13.754588130221%,40.933522847947%
C) Upper Tier Local Authorities,Kensington and Chelsea (UTLA),£5928294.0000000000,£40.496024372917,10.70703125%,143375.0000000000,40.1524419400%,89.9738171000%,5.854536324071%,15567.0000000000,11.350323749482%,33.509086920846%
C) Upper Tier Local Authorities,Kent (CTY),£11496907.0000000000,£7.2105016911607,2.8123076923077%,1576069.0000000000,37.1721012435%,91.9139367447%,7.3628121611427%,17412.0000000000,17.955515030167%,33.348399807295%
C) Upper Tier Local Authorities,Kingston upon Hull (UTLA),£4504910.9999836800,£16.767013923721,1.43359375%,267014.0000000000,33.1736806400%,85.3962069000%,9.2363235971552%,7554.0000000000,25.252478025061%,34.954997077732%
C) Upper Tier Local Authorities,Kingston upon Thames (UTLA),£1366149.0000000000,£8.079801516424,4.9527027027027%,168063.0000000000,36.1032402800%,91.8927765600%,5.0159761518002%,23427.0000000000,11.905570401429%,37.562653635203%
C) Upper Tier Local Authorities,Kirklees (UTLA),£3708524.0000000000,£8.4709338181885,2.1550632911392%,433216.0000000000,35.4912503700%,88.4496076500%,7.6550727581622%,13811.0000000000,20.744266101411%,32.278764320431%
C) Upper Tier Local Authorities,Knowsley (UTLA),£835960.0000990000,£5.3209596014118,1.0367647058824%,154517.0000000000,31.5742702900%,86.6851025900%,12.353820565756%,6688.0000000000,26.2270814729%,35.18105827172%
C) Upper Tier Local Authorities,Lambeth (UTLA),£49460863.0000000000,£156.17575939375,9.5690789473684%,317654.0000000000,40.0495856200%,92.0773457000%,5.3806972366159%,11347.0000000000,13.082600531707%,45.169590469321%
C) Upper Tier Local Authorities,Lancashire (CTY),£5249268.0000000000,£4.1862795293487,1.7893738140417%,1235354.0000000000,36.3207900568%,90.1064568161%,8.5298557904408%,15606.0000000000,18.604375653431%,33.082770603799%
C) Upper Tier Local Authorities,Leeds (UTLA),£35450420.0000000000,£43.189977607267,5.7127016129032%,811953.0000000000,35.6270350700%,89.2502408900%,6.893625616261%,14056.0000000000,18.162917560155%,35.277385454159%
C) Upper Tier Local Authorities,Leicester (UTLA),£8351589.0004423600,£22.420674104196,2.9441176470588%,368572.0000000000,28.0699712300%,79.8156004700%,6.9707057798904%,9987.0000000000,26.697089133475%,30.802853490578%
C) Upper Tier Local Authorities,Leicestershire (CTY),£3160214.0000000000,£4.371336487122,2.5981873111782%,712366.0000000000,36.1472671342%,92.4114193235%,6.3404205141739%,22775.0000000000,16.741824173991%,35.816230644568%
C) Upper Tier Local Authorities,Lewisham (UTLA),£6442208.0004539610,£21.544188910064,5.4779411764706%,300553.0000000000,40.8353087800%,90.7204228200%,5.9769824290558%,10904.0000000000,14.622746586362%,38.858248390171%
C) Upper Tier Local Authorities,Lincolnshire (CTY),£5993816.0000000000,£7.7253436169226,2.6774744027304%,768364.0000000000,35.0980046248%,90.4015165995%,8.3643841143207%,16766.0000000000,20.503148190669%,32.705359360332%
C) Upper Tier Local Authorities,Liverpool (UTLA),£14206072.9997455750,£28.649998285255,3.508865248227%,486088.0000000000,42.2563317700%,90.1711422100%,11.243848850414%,6975.0000000000,22.343112637335%,30.570828825789%
C) Upper Tier Local Authorities,Luton (UTLA),£1960670.0000200000,£8.6259887901345,1.5446428571429%,225262.0000000000,31.7273575200%,82.8812029800%,6.1706198587416%,12142.0000000000,22.859558304092%,32.334462491676%
C) Upper Tier Local Authorities,Manchester (UTLA),£30992814.0012640320,£54.682457684074,7.2119205298013%,551938.0000000000,41.4466420100%,87.8674173400%,8.1737441524229%,6422.0000000000,19.661702720352%,31.848487754534%
C) Upper Tier Local Authorities,Medway (UTLA),£5797396.0000000000,£20.511373004108,2.296875%,279773.0000000000,32.8504748600%,89.0269171700%,7.2079864747492%,14386.0000000000,19.374388349689%,36.288298803618%
C) Upper Tier Local Authorities,Merton (UTLA),£1472767.0000000000,£6.8462260774169,6%,215187.0000000000,40.7307085900%,91.2431656100%,4.8255703179095%,20773.0000000000,14.243709881867%,39.149862246197%
C) Upper Tier Local Authorities,Middlesbrough (UTLA),£2135956.0000000000,£14.375507292221,2.4923076923077%,143924.0000000000,29.4107595500%,85.4849397900%,10.015007920847%,9167.0000000000,23.944391297098%,28.989195973284%
C) Upper Tier Local Authorities,Milton Keynes (UTLA),£2275905.0000000000,£7.7804195995446,4.7299465240642%,287060.0000000000,36.4100849600%,89.3862391400%,5.901553682157%,18495.0000000000,15.823885496217%,41.496208330554%
C) Upper Tier Local Authorities,Newcastle upon Tyne (UTLA),£14106190.9999700000,£46.038181865556,4.885%,300125.0000000000,34.3075488600%,88.6938573900%,8.4204914618909%,13085.0000000000,18.60817065808%,29.413919266483%
C) Upper Tier Local Authorities,Newham (UTLA),£5628475.0001779330,£15.759547189751,2.365671641791%,351036.0000000000,30.2407174000%,85.1105903300%,5.5886005993687%,8654.0000000000,20.693837942746%,31.714179155819%
C) Upper Tier Local Authorities,Norfolk (CTY),£9871921.0000000000,£10.664334364991,2.1587301587302%,916120.0000000000,38.1678850458%,92.4139860717%,8.1613762389207%,15860.0000000000,20.421172838862%,30.424444366227%
C) Upper Tier Local Authorities,North East Lincolnshire (UTLA),£1216171.0000000000,£7.709727725126,0.83582089552239%,156966.0000000000,36.9508940900%,88.3971538400%,9.1784792788201%,12586.0000000000,24.236412255044%,32.696575466002%
C) Upper Tier Local Authorities,North Lincolnshire (UTLA),£683891.0000000000,£4.0208777963959,0.8%,169680.0000000000,33.2801408900%,87.8346784000%,8.5519801980198%,15746.0000000000,21.844594061678%,34.243000035851%
C) Upper Tier Local Authorities,North Northamptonshire (UTLA),£655468.0000000000,£1.8044840382773,1.8815789473684%,359522.0000000000,35.5367462100%,87.9943810100%,7.103817537028%,17355.0000000000,19.946332118429%,39.695076196371%
C) Upper Tier Local Authorities,North Somerset (UTLA),£1681675.0000000000,£7.6731001756667,3.8111111111111%,216728.0000000000,39.4674217100%,92.9371638400%,7.5827765678639%,21013.0000000000,14.904769638287%,33.176902787189%
C) Upper Tier Local Authorities,North Tyneside (UTLA),£1090541.0000000000,£5.1804220186973,5.4545454545455%,208967.0000000000,33.9206016500%,90.5309950800%,8.7295662493779%,16050.0000000000,17.472829889454%,36.123792365593%
C) Upper Tier Local Authorities,North Yorkshire (UTLA),£3915393.0000000000,£6.275714221601,2.2077392788382%,615493.0000000000,0.0000000000%,0.0000000000%,6.8261060293425%,20889.0932352229,16.077911711942%,32.029509428991%
C) Upper Tier Local Authorities,Northumberland (UTLA),£2614222.0000000000,£8.0614704304225,2.1064814814815%,320567.0000000000,34.4124073600%,90.9191018500%,9.0268181066672%,16031.0000000000,17.918436577074%,30.483541007997%
C) Upper Tier Local Authorities,Nottingham (UTLA),£10949036.0000000000,£33.439931098514,3.8357142857143%,323632.0000000000,32.1376208200%,85.6770416000%,8.1966554605231%,8363.0000000000,19.504241039338%,28.37723828224%
C) Upper Tier Local Authorities,Nottinghamshire (CTY),£2821486.0000000000,£3.3788066400496,3.083596214511%,824822.0000000000,34.7021373088%,90.0987237598%,8.5219598895277%,18042.0000000000,19.35888600258%,35.177470397057%
C) Upper Tier Local Authorities,Oldham (UTLA),£2547795.0000000000,£10.442082354822,1.672619047619%,242089.0000000000,32.9360943100%,84.2400596100%,8.5936047784474%,10595.0000000000,24.705536396931%,30.907584142006%
C) Upper Tier Local Authorities,Oxfordshire (CTY),£6436131.0000000000,£8.7234679009752,6.3515228426396%,725291.0000000000,38.3655536771%,94.0319299359%,5.1216684061983%,23586.0000000000,13.514208455665%,38.199562041097%
C) Upper Tier Local Authorities,Peterborough (UTLA),£1941304.9999405460,£8.9191020731727,3.9117647058824%,215673.0000000000,34.8352087300%,87.4831827300%,6.897015389038%,12023.0000000000,22.36100087723%,38.137777936911%
C) Upper Tier Local Authorities,Plymouth (UTLA),£5069678.0000000000,£18.983078898986,2.2307692307692%,264695.0000000000,35.9219656800%,91.6237259400%,9.4452105253216%,13070.0000000000,17.332955210773%,33.225995316159%
C) Upper Tier Local Authorities,Portsmouth (UTLA),£3094715.0000000000,£14.810862937846,4.9764150943396%,208003.0000000000,38.1451778800%,93.5937447900%,7.1422046797402%,12206.0000000000,17.425258018628%,33.310306876325%
C) Upper Tier Local Authorities,Reading (UTLA),£2084980.0000000000,£11.863868625599,11.8375%,174224.0000000000,39.3217975500%,92.7531272000%,5.1284553218845%,16772.0000000000,15.818253844739%,41.213381721457%
C) Upper Tier Local Authorities,Redbridge (UTLA),£1590189.0000000000,£5.1046947980033,4.6158536585366%,310260.0000000000,29.4467158700%,83.9456464900%,5.305889595467%,17805.0000000000,17.332666713495%,31.212296504421%
C) Upper Tier Local Authorities,Redcar and Cleveland (UTLA),£834696.0000000000,£6.0852093782806,1.0375%,136531.0000000000,34.0079710700%,89.0953099500%,10.658385275139%,12505.0000000000,22.014918730306%,29.425850097917%
C) Upper Tier Local Authorities,Richmond upon Thames (UTLA),£550447.0000000000,£2.8204186201419,13.10625%,195278.0000000000,47.6687196300%,96.0203330000%,4.4664529542498%,25709.0000000000,9.0885172683753%,37.908043764238%
C) Upper Tier Local Authorities,Rochdale (UTLA),£1186856.0000000000,£5.2295924212382,1.6463414634146%,223773.0000000000,31.2251520900%,82.5714044500%,8.9684635769284%,9522.0000000000,23.235036896889%,33.132891675765%
C) Upper Tier Local Authorities,Rotherham (UTLA),£1793945.0000000000,£6.6871624165477,1.8092783505155%,265807.0000000000,30.3542462900%,86.7328408300%,9.8259263300064%,11877.0000000000,23.439391760564%,33.174221022308%
C) Upper Tier Local Authorities,Rutland (UTLA),£16701.0000000000,£0.40511825348696,3.8333333333333%,41049.0000000000,40.2350482500%,96.5221669700%,5.4470158343484%,26450.0000000000,13.093294460641%,31.889086509024%
C) Upper Tier Local Authorities,Salford (UTLA),£2898731.0000000000,£10.394672012106,6.3641975308642%,269923.0000000000,33.6330106600%,88.0762713100%,8.5583349387235%,9680.0000000000,19.7438722496%,37.653800231421%
C) Upper Tier Local Authorities,Sandwell (UTLA),£2785005.0000000000,£8.0822706931877,0.85433070866142%,341832.0000000000,34.0243676800%,85.4122781900%,8.6697559034848%,7588.0000000000,28.883801705084%,32.475397141633%
C) Upper Tier Local Authorities,Sefton (UTLA),£919528.0000000000,£3.2718875316237,1.6467391304348%,279233.0000000000,36.9683770200%,91.7484674800%,10.694614552669%,13915.0000000000,19.746807119006%,31.945143703015%
C) Upper Tier Local Authorities,Sheffield (UTLA),£6890458.0000000000,£12.201936596647,3.3025830258303%,556521.0000000000,34.9011450600%,89.1828022300%,8.5083941127109%,14173.0000000000,19.380821917808%,30.655324856931%
C) Upper Tier Local Authorities,Shropshire (UTLA),£2524627.0000000000,£7.7092790682761,2.5534351145038%,323606.0000000000,39.5905180100%,92.6429086500%,7.5323078064066%,17965.0000000000,16.739639884516%,31.098459108524%
C) Upper Tier Local Authorities,Slough (UTLA),£877231.9993908930,£5.5037863777528,7.0975609756098%,158500.0000000000,33.5416031800%,80.5900534000%,4.9716715668337%,12993.0000000000,20.150671801167%,37.332784004439%
C) Upper Tier Local Authorities,Solihull (UTLA),£573550.0000000000,£2.633572714249,4.3938356164384%,216240.0000000000,37.1710581800%,90.5233474700%,7.2599889012209%,20330.0000000000,17.559583502862%,34.86283746225%
C) Upper Tier Local Authorities,Somerset (UTLA),£4011107.0000000000,£6.9505623896405,2.1608040201005%,571548.0000000000,0.0000000000%,0.0000000000%,7.3580871597836%,17150.6377709737,17.070649221583%,31.752729263388%
C) Upper Tier Local Authorities,South Gloucestershire (UTLA),£980442.0000000000,£3.3200770723349,3.5327380952381%,290424.0000000000,38.0045431500%,93.7062679800%,6.2708532037752%,23321.0000000000,14.236362717177%,38.115821136978%
C) Upper Tier Local Authorities,South Tyneside (UTLA),£2149697.0000000000,£14.465553671404,1.75%,147776.0000000000,34.3829380100%,89.0092509200%,10.848778903348%,10358.0000000000,20.486924117007%,32.436866708989%
C) Upper Tier Local Authorities,Southampton (UTLA),£4829233.0000119950,£19.15214692788,2.9521739130435%,248922.0000000000,35.6942435500%,92.9586220300%,7.0600429050064%,12103.0000000000,17.312397244187%,34.618753333431%
C) Upper Tier Local Authorities,Southend-on-Sea (UTLA),£1236830.0000000000,£6.8376970876363,2.6190476190476%,180686.0000000000,34.7072089700%,89.8728030000%,7.7842223525896%,16094.0000000000,19.686496823987%,33.303053070145%
C) Upper Tier Local Authorities,Southwark (UTLA),£15788543.9975396730,£50.686836251139,14.597222222222%,307637.0000000000,40.9207107300%,89.1513861600%,5.6433393902554%,11447.0000000000,13.866071149702%,42.013125685663%
C) Upper Tier Local Authorities,St. Helens (UTLA),£1265945.0000000000,£6.8530217400719,1.2615384615385%,183248.0000000000,36.0297819500%,89.5325777900%,10.930542216013%,11282.0000000000,21.415146342921%,35.657359934118%
C) Upper Tier Local Authorities,Staffordshire (CTY),£5582316.0000000000,£6.2984923738624,2.7638888888889%,876104.0000000000,34.5815589346%,91.8900219966%,7.7519335603992%,19286.0000000000,19.301677592725%,35.103345548859%
C) Upper Tier Local Authorities,Stockport (UTLA),£2003104.0000000000,£6.7401233550141,3.7335766423358%,294773.0000000000,36.6928962900%,92.1628123900%,7.7035549388852%,17528.0000000000,15.519803119781%,36.1574874334%
C) Upper Tier Local Authorities,Stockton-on-Tees (UTLA),£3226781.0000000000,£16.124875069961,2.5740740740741%,196595.0000000000,32.1143334400%,89.6983709900%,8.9732699203947%,15320.0000000000,18.632365040187%,34.019796466002%
C) Upper Tier Local Authorities,Stoke-on-Trent (UTLA),£2413038.0000000000,£9.2806298267746,1.9308943089431%,258369.0000000000,32.1195603800%,86.2499601900%,9.7403703244984%,9209.0000000000,25.912830624873%,34.462527744185%
C) Upper Tier Local Authorities,Suffolk (CTY),£9465773.0000000000,£12.313697202749,2.2374631268437%,760688.0000000000,35.6192209670%,91.5322352691%,7.2413394190522%,17681.0000000000,19.678786215474%,32.857627839242%
C) Upper Tier Local Authorities,Sunderland (UTLA),£3324742.0000000000,£11.980534175099,1.6495726495726%,274171.0000000000,30.3122999000%,85.2808440400%,11.458219352956%,10905.0000000000,22.853882187454%,32.721144404045%
C) Upper Tier Local Authorities,Surrey (CTY),£5564351.0000000000,£4.5720061986051,6.1526315789474%,1203108.0000000000,40.0429007628%,93.7726351043%,5.1396136333789%,24931.0000000000,12.856088151097%,36.339154335212%
C) Upper Tier Local Authorities,Sutton (UTLA),£605854.0000000000,£2.8809993675491,3.4647887323944%,209639.0000000000,38.3384263900%,90.5078816200%,5.8219129074266%,21536.0000000000,15.165069994024%,38.018459606783%
C) Upper Tier Local Authorities,Swindon (UTLA),£1656207.0000000000,£7.0281898732029,2.6576576576577%,233410.0000000000,28.0600369200%,86.1130163100%,6.3686217385716%,18439.0000000000,17.328253656139%,41.382092534905%
C) Upper Tier Local Authorities,Tameside (UTLA),£928255.0000000000,£3.9872468922622,1.7028985507246%,231073.0000000000,32.9819279300%,89.2088610000%,9.1478376775969%,10180.0000000000,21.841899154671%,36.453742113905%
C) Upper Tier Local Authorities,Telford and Wrekin (UTLA),£1966031.0000000000,£10.40228042328,4.4193548387097%,185541.0000000000,35.0226041000%,86.8809458200%,8.6466530128274%,14299.0000000000,19.953858467913%,37.345799421538%
C) Upper Tier Local Authorities,Thurrock (UTLA),£1834893.0000000000,£10.379058533385,1.2368421052632%,176000.0000000000,35.3515471300%,88.6016541400%,6.0523071153813%,15610.0000000000,21.591634094292%,38.607697046141%
C) Upper Tier Local Authorities,Torbay (UTLA),£221919.0000000000,£1.5918556190777,1.7244897959184%,139324.0000000000,38.7215427200%,89.7601199000%,10.95152989815%,11768.0000000000,19.769806548636%,26.356489788943%
C) Upper Tier Local Authorities,Tower Hamlets (UTLA),£17320565.0000300000,£53.482634150049,6.9611940298507%,310306.0000000000,31.7571114400%,87.4879918200%,5.6714984563624%,10105.0000000000,16.212635882997%,39.771590365353%
C) Upper Tier Local Authorities,Trafford (UTLA),£895974.0000000000,£3.7860562600623,5.0325443786982%,235052.0000000000,35.5832364000%,93.2508111700%,6.7725439477222%,20407.0000000000,13.961783713222%,37.228579102874%
C) Upper Tier Local Authorities,Wakefield (UTLA),£5785303.0000000000,£16.173707988303,1.7604790419162%,353370.0000000000,31.5710943900%,86.2479844900%,9.2053654809407%,12627.0000000000,24.425556185422%,36.873039389576%
C) Upper Tier Local Authorities,Walsall (UTLA),£1643939.0009381520,£5.7436604299455,1.0555555555556%,284124.0000000000,30.2969233800%,84.5065030600%,8.8556404949951%,10824.0000000000,26.347377857463%,31.924230267552%
C) Upper Tier Local Authorities,Waltham Forest (UTLA),£1793486.0000237600,£6.4908002548704,3.195652173913%,278425.0000000000,40.0958380200%,90.6564741500%,5.7225259135282%,11673.0000000000,18.244052173443%,35.43504482771%
C) Upper Tier Local Authorities,Wandsworth (UTLA),£3813288.0003242630,£11.57794254375,7.484126984127%,327506.0000000000,39.5705505400%,95.1920600100%,4.5080090135753%,18535.0000000000,9.943777919125%,48.268563637095%
C) Upper Tier Local Authorities,Warrington (UTLA),£1280212.0000000000,£6.0445237656813,2.4711538461538%,210974.0000000000,37.0017184200%,89.9531845300%,7.6270061713766%,18724.0000000000,16.473769229433%,38.580493509802%
C) Upper Tier Local Authorities,Warwickshire (CTY),£19667301.0000000000,£32.362811063775,4.2445820433437%,596773.0000000000,36.7483783108%,92.3948534805%,6.6289862309454%,20083.0000000000,16.868474374498%,37.239509545116%
C) Upper Tier Local Authorities,West Berkshire (UTLA),£859610.0000000000,£5.2932628065789,5.868932038835%,161447.0000000000,35.8942990000%,92.7009193000%,5.0654080570834%,24928.0000000000,14.138416350508%,39.388237453819%
C) Upper Tier Local Authorities,West Northamptonshire (UTLA),£2655460.0000000000,£6.1825191904282,2.8634259259259%,425725.0000000000,36.9647961200%,90.1392851100%,5.8894826472488%,19202.0000000000,17.41018922853%,39.125131367121%
C) Upper Tier Local Authorities,West Sussex (CTY),£8385435.0000000000,£9.3922146667757,3.2119289340102%,882676.0000000000,39.6187374321%,92.6097055447%,6.5432842855136%,20821.0000000000,15.760122125646%,32.818424494478%
C) Upper Tier Local Authorities,Westminster (UTLA),£34839933.0000000000,£166.01037328581,13.729899497487%,204236.0000000000,41.4935833500%,91.9946818200%,6.4905941224282%,16138.0000000000,12.89366473767%,36.20330196653%
C) Upper Tier Local Authorities,Westmorland and Furness (UTLA),£3886371.0000000000,£17.071843372224,1.6058394160584%,226592.0000000000,0.0000000000%,0.0000000000%,7.6445770371416%,18031.4351893941,16.020023728743%,30.97797806132%
C) Upper Tier Local Authorities,Wigan (UTLA),£2644183.0000000000,£7.9163837443939,1.3545454545455%,329330.0000000000,30.7412890300%,86.5215715700%,9.2754987398658%,14279.0000000000,21.054061497466%,36.883220317536%
C) Upper Tier Local Authorities,Wiltshire (UTLA),£2933785.0000000000,£5.684451092506,3.8875598086124%,510330.0000000000,38.9256320400%,93.8098229200%,6.2678927989873%,21558.0000000000,14.413500861341%,36.305873819534%
C) Upper Tier Local Authorities,Windsor and Maidenhead (UTLA),£454575.0000000000,£2.9352226720648,6.5454545454545%,153496.0000000000,38.2773307800%,93.7019782400%,4.684812633554%,26634.0000000000,12.574893875076%,38.543452246192%
C) Upper Tier Local Authorities,Wirral (UTLA),£849703.0000000000,£2.6352364323174,1.9754901960784%,320199.0000000000,40.0113540300%,91.0493394700%,11.016239850094%,13278.0000000000,17.890825296057%,32.434731850247%
C) Upper Tier Local Authorities,Wokingham (UTLA),£131667.0000000000,£0.72590595590546,14.184782608696%,177502.0000000000,38.0026261800%,95.3697164900%,4.262487183243%,29193.0000000000,10.418190468751%,40.858962796742%
C) Upper Tier Local Authorities,Wolverhampton (UTLA),£2794176.0000000000,£10.430388819208,1.5818181818182%,263727.0000000000,34.6435008700%,83.3146891200%,8.3984574958195%,9733.0000000000,25.332348242428%,33.075070522538%
C) Upper Tier Local Authorities,Worcestershire (CTY),£4468852.0000000000,£7.3341265634155,3.6640316205534%,603676.0000000000,36.5339887700%,92.9736379892%,7.2091651813224%,18457.0000000000,18.009287907097%,34.163993255394%
C) Upper Tier Local Authorities,York (UTLA),£4877298.0000000000,£23.89485339147,4.095652173913%,202821.0000000000,38.0477992800%,93.9520823500%,5.8849921852274%,23815.0000000000,13.338330921706%,32.050998942365%
