ITL,ITL code,Region name,1998,1999,2000,2001,2002,2003,2004,2005,2006,2007,2008,2009,2010,2011,2012,2013,2014,2015,2016,2017,2018,2019,2020,2021
UK,UK,United Kingdom,"999,326","1,044,150","1,101,143","1,145,323","1,191,515","1,259,675","1,323,420","1,399,643","1,472,837","1,545,792","1,594,737","1,551,882","1,612,381","1,664,211","1,713,241","1,782,296","1,862,827","1,920,998","1,999,461","2,085,008","2,157,410","2,238,348","2,109,594","2,276,715"
Other,TLB,England,"849,694","888,973","932,514","970,147","1,012,225","1,069,511","1,121,901","1,184,536","1,244,637","1,309,823","1,348,548","1,317,534","1,368,641","1,410,690","1,455,749","1,516,749","1,591,949","1,651,549","1,722,294","1,792,817","1,851,898","1,922,734","1,818,322","1,961,238"
ITL1,TLC,North East,"32,662","33,371","34,430","35,897","38,217","40,396","43,458","45,389","47,653","48,897","50,058","49,363","50,756","52,074","53,379","54,317","55,987","57,995","59,155","60,705","62,187","64,765","60,356","65,045"
ITL2,TLC1,Tees Valley and Durham,"13,954","14,572","15,075","15,405","16,185","17,311","18,451","19,105","20,120","20,833","21,507","21,445","21,839","22,105","22,484","22,861","23,513","24,406","24,668","24,889","25,835","26,714","25,292","27,364"
ITL3,TLC11,Hartlepool and Stockton-on-Tees,"3,763","3,950","4,062","4,121","4,343","4,645","4,950","5,115","5,452","5,743","5,837","5,920","5,992","6,078","6,152","6,378","6,527","6,902","7,103","7,071","7,166","7,510","7,211","7,777"
ITL3,TLC12,South Teesside,"3,157","3,259","3,350","3,351","3,469","3,739","3,924","4,113","4,270","4,377","4,557","4,532","4,615","4,717","4,799","4,807","4,968","5,169","5,243","5,232","5,528","5,639","5,276","5,779"
ITL3,TLC13,Darlington,"1,675","1,721","1,853","1,960","2,087","2,222","2,370","2,362","2,406","2,379","2,504","2,362","2,448","2,535","2,541","2,567","2,849","3,019","2,892","2,881","2,878","2,858","2,630","2,790"
ITL3,TLC14,Durham CC,"5,359","5,642","5,810","5,972","6,287","6,706","7,207","7,516","7,992","8,334","8,609","8,630","8,785","8,775","8,992","9,110","9,170","9,317","9,431","9,706","10,263","10,708","10,174","11,018"
ITL2,TLC2,"Northumberland, and Tyne and Wear","18,708","18,798","19,355","20,493","22,031","23,085","25,007","26,284","27,533","28,064","28,551","27,918","28,917","29,969","30,894","31,455","32,474","33,589","34,487","35,815","36,352","38,051","35,064","37,681"
ITL3,TLC21,Northumberland,"3,484","3,516","3,588","3,724","4,008","4,162","4,447","4,625","4,843","4,973","5,113","4,964","5,165","5,275","5,343","5,391","5,562","5,684","5,906","6,056","6,175","6,511","6,098","6,557"
ITL3,TLC22,Tyneside,"11,295","11,395","11,723","12,499","13,447","14,138","15,348","16,203","16,964","17,300","17,494","16,975","17,733","18,553","19,242","19,172","19,762","20,573","21,155","22,024","22,429","23,396","21,592","23,482"
ITL3,TLC23,Sunderland,"3,929","3,887","4,044","4,269","4,577","4,785","5,212","5,456","5,726","5,791","5,944","5,979","6,019","6,140","6,310","6,892","7,150","7,332","7,427","7,736","7,748","8,143","7,374","7,642"
ITL1,TLD,North West,"99,557","104,511","107,295","113,218","118,577","125,307","132,184","138,645","146,073","151,623","154,542","152,665","157,821","160,624","164,778","170,924","177,888","184,993","192,533","200,713","205,679","214,718","202,751","220,304"
ITL2,TLD1,Cumbria,"7,422","7,690","7,668","7,719","8,177","8,749","9,016","9,468","10,148","10,450","11,116","10,807","11,161","11,124","11,509","11,931","12,532","12,979","13,072","13,378","13,385","14,051","12,716","13,715"
ITL3,TLD11,West Cumbria,"3,388","3,526","3,303","3,268","3,454","3,640","3,721","3,971","4,240","4,328","4,695","4,573","4,761","4,757","4,934","5,142","5,435","5,576","5,543","5,596","5,627","5,756","5,298","5,651"
ITL3,TLD12,East Cumbria,"4,034","4,164","4,365","4,451","4,723","5,109","5,295","5,497","5,908","6,122","6,421","6,234","6,400","6,367","6,575","6,789","7,097","7,403","7,529","7,782","7,758","8,296","7,419","8,064"
ITL2,TLD3,Greater Manchester,"37,609","39,526","40,621","42,780","44,814","46,907","49,508","52,475","55,139","57,857","58,667","58,560","59,994","60,948","63,487","66,276","68,263","71,197","74,012","78,276","81,491","84,743","80,771","87,703"
ITL3,TLD33,Manchester,"9,626","10,117","10,389","11,125","11,788","12,445","13,428","14,486","15,502","16,415","16,726","17,135","17,698","17,973","18,930","19,415","20,134","21,147","22,599","24,500","25,385","27,196","25,778","28,224"
ITL3,TLD34,Greater Manchester South West,"8,380","8,796","9,041","9,560","10,027","10,509","11,074","11,743","12,368","12,966","13,184","12,965","13,197","13,391","14,030","15,039","15,679","16,370","16,656","17,413","18,541","19,159","18,476","20,029"
ITL3,TLD35,Greater Manchester South East,"6,298","6,646","6,877","7,130","7,435","7,768","8,053","8,446","8,762","9,186","9,425","9,412","9,545","9,589","9,853","10,102","10,251","10,393","10,755","11,411","11,812","11,947","11,484","12,233"
ITL3,TLD36,Greater Manchester North West,"6,547","6,854","7,004","7,364","7,620","7,959","8,325","8,761","9,136","9,494","9,449","9,368","9,610","9,796","10,135","10,751","10,991","11,564","11,986","12,437","12,896","12,909","12,574","13,779"
ITL3,TLD37,Greater Manchester North East,"6,757","7,112","7,311","7,601","7,945","8,226","8,629","9,039","9,372","9,797","9,883","9,680","9,944","10,199","10,538","10,968","11,207","11,723","12,016","12,514","12,857","13,532","12,459","13,438"
ITL2,TLD4,Lancashire,"20,149","21,059","21,557","22,240","23,319","25,209","26,717","27,631","28,288","29,533","29,899","28,398","29,476","30,290","31,108","31,924","33,101","34,912","36,557","37,567","37,837","39,107","36,826","39,930"
ITL3,TLD41,Blackburn with Darwen,"1,766","1,835","1,855","1,895","1,993","2,150","2,258","2,317","2,385","2,493","2,571","2,493","2,625","2,712","2,825","2,932","3,073","3,261","3,421","3,459","3,521","3,623","3,475","3,852"
ITL3,TLD42,Blackpool,"1,520","1,572","1,610","1,679","1,775","1,923","2,069","2,153","2,215","2,266","2,274","2,179","2,313","2,355","2,375","2,411","2,490","2,612","2,760","2,908","3,037","3,263","3,014","3,116"
ITL3,TLD44,Lancaster and Wyre,"2,766","2,860","2,846","2,913","3,110","3,443","3,655","3,876","4,063","4,192","4,270","3,919","3,982","4,102","4,278","4,509","4,652","5,068","5,104","5,116","5,230","5,475","5,067","5,459"
ITL3,TLD45,Mid Lancashire,"7,492","7,869","8,188","8,504","8,864","9,602","10,236","10,560","10,694","11,247","11,280","10,713","10,988","11,218","11,523","11,834","12,152","12,880","13,482","13,896","13,564","13,775","13,246","14,467"
ITL3,TLD46,East Lancashire,"4,000","4,221","4,281","4,379","4,527","4,834","5,072","5,246","5,374","5,601","5,647","5,311","5,591","5,832","5,960","6,022","6,297","6,497","6,848","7,083","7,197","7,306","6,732","7,383"
ITL3,TLD47,Chorley and West Lancashire,"2,605","2,702","2,776","2,870","3,050","3,257","3,426","3,477","3,559","3,734","3,857","3,783","3,977","4,071","4,148","4,217","4,438","4,595","4,942","5,106","5,288","5,665","5,292","5,653"
ITL2,TLD6,Cheshire,"16,133","16,956","17,377","19,365","19,997","20,408","21,680","22,887","24,382","25,470","25,405","25,047","26,210","26,910","27,752","28,804","30,518","31,347","33,545","34,830","35,509","37,310","35,087","38,477"
ITL3,TLD61,Warrington,"4,024","4,112","4,310","4,709","4,918","5,098","5,282","5,605","5,864","6,181","6,117","5,837","6,016","6,145","6,316","6,662","7,063","7,457","7,855","8,428","8,478","9,008","8,571","9,337"
ITL3,TLD62,Cheshire East,"6,581","6,898","7,166","8,255","8,529","8,281","9,189","9,768","10,459","10,690","10,598","10,299","10,832","11,345","11,915","12,212","12,976","13,533","14,726","14,728","15,091","15,649","15,004","16,078"
ITL3,TLD63,Cheshire West and Chester,"5,527","5,945","5,901","6,401","6,550","7,029","7,209","7,514","8,059","8,599","8,690","8,911","9,363","9,420","9,520","9,929","10,479","10,358","10,964","11,674","11,940","12,653","11,513","13,062"
ITL2,TLD7,Merseyside,"18,244","19,281","20,073","21,114","22,270","24,034","25,264","26,185","28,116","28,313","29,455","29,853","30,980","31,351","30,923","31,989","33,474","34,557","35,346","36,661","37,458","39,507","37,350","40,479"
ITL3,TLD71,East Merseyside,"6,165","6,462","6,676","6,943","7,257","7,750","7,983","8,212","8,790","8,872","9,221","9,150","9,696","9,823","9,590","10,122","10,650","11,009","11,335","11,729","11,963","12,470","11,464","12,504"
ITL3,TLD72,Liverpool,"6,557","6,912","7,311","7,747","8,199","9,004","9,581","10,111","11,017","11,008","11,525","11,985","12,232","12,410","12,236","12,504","13,124","13,423","13,706","14,215","14,510","15,588","14,716","15,911"
ITL3,TLD73,Sefton,"2,519","2,691","2,774","2,935","3,129","3,327","3,491","3,586","3,794","3,848","3,979","3,993","4,146","4,126","4,062","4,179","4,338","4,470","4,669","4,831","5,006","5,125","4,945","5,431"
ITL3,TLD74,Wirral,"3,004","3,215","3,312","3,489","3,685","3,953","4,208","4,276","4,516","4,585","4,730","4,725","4,905","4,992","5,035","5,185","5,361","5,656","5,636","5,886","5,979","6,325","6,225","6,632"
ITL1,TLE,Yorkshire and The Humber,"70,715","73,257","75,800","79,173","83,553","89,290","94,303","98,946","103,643","109,266","110,337","107,613","109,788","112,587","115,263","118,727","122,641","128,263","131,577","137,663","142,112","146,876","139,499","151,794"
ITL2,TLE1,East Yorkshire and Northern Lincolnshire,"12,096","12,228","12,796","13,368","14,145","15,248","16,084","16,798","17,613","18,572","19,466","18,699","18,729","18,452","18,701","19,252","19,921","21,087","21,621","22,660","23,257","24,667","23,215","25,555"
ITL3,TLE11,"Kingston upon Hull, City of","3,368","3,469","3,670","3,832","4,087","4,390","4,523","4,731","5,167","5,401","5,913","5,874","5,692","5,529","5,644","5,706","5,783","6,058","6,283","6,507","6,722","6,835","6,344","6,879"
ITL3,TLE12,East Riding of Yorkshire,"4,197","4,204","4,390","4,604","4,970","5,298","5,669","5,894","6,207","6,302","6,360","6,073","6,007","6,059","6,197","6,416","6,735","7,039","7,199","7,549","7,979","8,310","7,924","8,603"
ITL3,TLE13,North and North East Lincolnshire,"4,531","4,555","4,736","4,932","5,088","5,561","5,893","6,173","6,239","6,869","7,193","6,753","7,030","6,864","6,860","7,131","7,403","7,990","8,140","8,603","8,556","9,522","8,948","10,073"
ITL2,TLE2,North Yorkshire,"11,816","12,202","12,762","13,400","14,548","15,400","16,251","16,837","17,478","18,424","18,685","18,079","18,451","19,263","19,626","20,291","20,798","21,265","22,231","23,577","23,945","24,646","23,083","25,103"
ITL3,TLE21,York,"3,364","3,524","3,691","3,901","4,214","4,488","4,874","5,032","5,078","5,350","5,360","5,155","5,358","5,576","5,726","5,814","5,993","6,123","6,393","6,770","6,948","7,000","6,420","6,862"
ITL3,TLE22,North Yorkshire CC,"8,453","8,678","9,071","9,499","10,334","10,912","11,377","11,805","12,400","13,074","13,325","12,925","13,093","13,687","13,900","14,478","14,805","15,142","15,838","16,807","16,997","17,646","16,663","18,241"
ITL2,TLE3,South Yorkshire,"15,606","15,833","16,450","17,447","18,480","19,721","20,887","21,718","22,832","24,297","24,088","23,508","24,386","25,158","25,906","26,645","27,680","28,893","29,433","30,611","31,135","32,297","31,012","33,528"
ITL3,TLE31,"Barnsley, Doncaster and Rotherham","8,426","8,549","8,853","9,260","9,756","10,385","11,007","11,385","11,936","12,753","12,716","12,159","12,708","13,032","13,447","13,810","14,515","15,287","15,669","16,589","16,933","17,470","16,609","18,113"
ITL3,TLE32,Sheffield,"7,179","7,284","7,597","8,188","8,725","9,336","9,880","10,333","10,895","11,545","11,372","11,349","11,678","12,126","12,459","12,834","13,165","13,605","13,764","14,022","14,203","14,827","14,404","15,415"
ITL2,TLE4,West Yorkshire,"31,197","32,995","33,792","34,957","36,379","38,921","41,081","43,593","45,721","47,973","48,097","47,327","48,223","49,714","51,030","52,539","54,242","57,019","58,292","60,815","63,775","65,266","62,188","67,607"
ITL3,TLE41,Bradford,"5,936","6,256","6,333","6,525","6,786","7,187","7,579","7,963","8,241","8,651","8,922","8,749","8,874","9,289","9,541","9,777","9,898","10,279","10,533","11,081","11,251","11,387","11,112","11,912"
ITL3,TLE42,Leeds,"13,540","14,427","14,863","15,414","16,183","17,541","18,694","20,001","21,238","22,395","22,189","22,037","22,527","23,080","23,694","24,347","25,032","26,101","26,501","27,303","28,907","29,786","28,227","30,553"
ITL3,TLE44,Calderdale and Kirklees,"7,118","7,468","7,599","7,822","8,028","8,523","8,922","9,484","9,886","10,359","10,291","9,991","10,289","10,643","10,917","11,285","12,119","12,979","13,253","14,122","14,828","14,933","14,035","15,371"
ITL3,TLE45,Wakefield,"4,602","4,843","4,997","5,196","5,382","5,670","5,886","6,143","6,356","6,568","6,695","6,550","6,532","6,703","6,878","7,130","7,194","7,659","8,005","8,308","8,789","9,160","8,813","9,771"
ITL1,TLF,East Midlands,"60,996","62,947","65,330","67,892","70,743","74,498","78,121","82,161","86,622","90,369","93,161","90,280","94,653","96,911","100,149","104,577","108,599","112,150","115,866","119,956","125,383","129,639","123,702","134,228"
ITL2,TLF1,Derbyshire and Nottinghamshire,"28,364","29,488","30,020","31,174","32,597","33,994","36,096","38,347","39,783","41,099","42,026","40,738","42,703","44,417","46,022","47,579","48,892","50,461","52,212","53,600","56,011","58,121","56,254","60,765"
ITL3,TLF11,Derby,"4,207","4,463","4,647","4,868","5,132","5,330","5,740","6,239","6,423","6,592","6,521","6,418","6,616","7,035","7,069","7,385","7,277","7,333","7,501","7,585","8,055","8,331","7,961","8,363"
ITL3,TLF12,East Derbyshire,"3,417","3,526","3,603","3,756","3,887","4,009","4,196","4,466","4,575","4,739","4,898","4,729","4,972","5,098","5,310","5,394","5,599","6,073","6,264","6,451","6,782","6,952","6,919","7,619"
ITL3,TLF13,South and West Derbyshire,"6,260","6,430","6,461","6,645","6,921","7,228","7,574","8,066","8,202","8,405","8,693","8,150","8,779","9,165","9,641","10,093","10,420","10,600","11,154","11,362","11,894","12,639","12,174","13,058"
ITL3,TLF14,Nottingham,"4,901","5,115","5,191","5,502","5,826","6,215","6,796","7,165","7,662","7,932","8,166","8,072","8,426","8,788","9,107","9,273","9,885","10,099","10,445","10,903","11,147","11,346","11,043","11,818"
ITL3,TLF15,North Nottinghamshire,"5,694","5,904","6,019","6,161","6,448","6,698","7,037","7,379","7,685","7,955","8,114","7,877","8,202","8,489","8,786","9,068","9,258","9,643","9,940","10,200","10,569","11,036","10,544","11,605"
ITL3,TLF16,South Nottinghamshire,"3,884","4,051","4,099","4,243","4,384","4,514","4,754","5,032","5,236","5,475","5,634","5,492","5,708","5,842","6,109","6,366","6,452","6,712","6,908","7,099","7,564","7,817","7,612","8,302"
ITL2,TLF2,"Leicestershire, Rutland and Northamptonshire","24,227","24,865","26,276","27,044","27,938","29,702","31,298","32,627","34,906","36,769","38,006","36,884","38,844","39,027","40,161","42,234","44,377","46,053","47,788","49,462","51,709","53,043","50,214","54,639"
ITL3,TLF21,Leicester,"4,231","4,364","4,585","4,705","4,844","5,185","5,556","5,812","6,228","6,569","6,756","6,687","7,044","7,220","7,434","7,777","8,360","8,685","9,048","9,167","9,517","9,887","9,477","10,193"
ITL3,TLF22,Leicestershire CC and Rutland,"9,897","10,145","10,718","11,079","11,553","12,338","12,981","13,498","14,415","15,129","15,782","15,296","16,051","15,868","16,383","17,141","17,916","18,566","19,188","19,817","20,546","20,898","19,534","21,300"
ITL3,TLF24,West Northamptonshire,"6,023","6,152","6,579","6,782","7,014","7,358","7,726","8,113","8,799","9,325","9,518","9,216","9,703","9,902","9,998","10,711","11,173","11,621","12,125","12,838","13,635","14,047","13,358","14,664"
ITL3,TLF25,North Northamptonshire,"4,076","4,203","4,394","4,478","4,527","4,822","5,034","5,204","5,463","5,745","5,950","5,685","6,046","6,037","6,346","6,606","6,928","7,182","7,427","7,640","8,012","8,211","7,846","8,482"
ITL2,TLF3,Lincolnshire,"8,405","8,595","9,034","9,674","10,208","10,803","10,727","11,188","11,933","12,502","13,129","12,658","13,107","13,467","13,966","14,764","15,330","15,636","15,867","16,895","17,663","18,475","17,234","18,824"
ITL3,TLF30,Lincolnshire CC,"8,405","8,595","9,034","9,674","10,208","10,803","10,727","11,188","11,933","12,502","13,129","12,658","13,107","13,467","13,966","14,764","15,330","15,636","15,867","16,895","17,663","18,475","17,234","18,824"
ITL1,TLG,West Midlands,"79,118","81,872","84,333","87,229","90,508","95,210","99,829","104,322","108,065","111,500","114,656","110,674","115,549","119,875","123,537","129,400","135,182","140,458","147,016","153,784","158,950","162,203","152,869","164,631"
ITL2,TLG1,"Herefordshire, Worcestershire and Warwickshire","19,043","20,230","21,121","21,463","22,153","23,439","24,464","25,488","26,967","27,346","28,438","27,481","28,698","30,217","31,882","33,853","35,710","37,209","38,065","41,285","42,497","43,400","40,382","43,259"
ITL3,TLG11,"Herefordshire, County of","2,397","2,528","2,655","2,689","2,825","2,913","2,900","2,990","3,102","3,186","3,357","3,219","3,292","3,476","3,595","3,771","3,969","4,080","4,161","4,347","4,547","4,737","4,412","4,729"
ITL3,TLG12,Worcestershire CC,"7,704","8,088","8,452","8,615","8,813","9,370","9,918","10,214","10,880","10,898","11,361","11,148","11,591","12,231","12,960","13,521","14,194","14,441","14,656","15,636","16,126","16,624","15,747","16,437"
ITL3,TLG13,Warwickshire CC,"8,942","9,615","10,014","10,159","10,515","11,156","11,645","12,283","12,985","13,262","13,720","13,115","13,815","14,510","15,326","16,562","17,547","18,688","19,247","21,302","21,824","22,038","20,223","22,093"
ITL2,TLG2,Shropshire and Staffordshire,"20,921","21,353","21,848","22,618","23,839","25,136","26,530","27,682","28,613","29,380","30,688","29,250","30,558","31,734","32,238","33,645","34,648","35,765","37,045","38,477","39,836","40,859","38,750","42,297"
ITL3,TLG21,Telford and Wrekin,"2,573","2,674","2,701","2,842","2,931","3,062","3,226","3,328","3,440","3,517","3,633","3,501","3,630","3,778","3,896","4,089","4,196","4,271","4,673","4,826","4,977","5,211","5,135","5,514"
ITL3,TLG22,Shropshire CC,"3,781","3,861","3,991","4,150","4,402","4,653","4,867","5,109","5,286","5,431","5,725","5,472","5,651","5,847","5,962","6,247","6,490","6,596","6,820","6,993","7,289","7,327","6,969","7,692"
ITL3,TLG23,Stoke-on-Trent,"3,177","3,209","3,270","3,360","3,528","3,727","3,992","4,184","4,365","4,521","4,793","4,710","4,823","5,020","5,155","5,386","5,473","5,605","5,645","5,997","6,388","6,595","6,386","7,026"
ITL3,TLG24,Staffordshire CC,"11,390","11,609","11,885","12,266","12,978","13,694","14,444","15,061","15,523","15,911","16,536","15,567","16,454","17,088","17,226","17,923","18,489","19,292","19,907","20,660","21,181","21,727","20,260","22,064"
ITL2,TLG3,West Midlands,"39,154","40,289","41,365","43,148","44,515","46,634","48,836","51,152","52,485","54,773","55,531","53,943","56,293","57,925","59,418","61,901","64,824","67,483","71,905","74,022","76,616","77,944","73,737","79,076"
ITL3,TLG31,Birmingham,"15,097","15,604","16,034","16,851","17,508","18,542","19,683","20,739","21,284","22,366","22,641","22,397","23,167","23,668","24,229","25,460","26,474","27,376","28,769","29,360","30,579","31,182","29,809","31,966"
ITL3,TLG32,Solihull,"4,600","4,678","4,928","5,157","5,233","5,430","5,575","5,805","5,932","6,169","6,155","5,782","6,306","6,504","6,718","7,013","7,369","8,127","9,127","9,964","10,271","10,567","9,692","10,478"
ITL3,TLG33,Coventry,"5,284","5,424","5,565","5,804","5,897","6,177","6,447","6,807","6,909","7,279","7,525","7,457","7,847","8,136","8,477","8,767","9,377","9,959","10,867","10,643","10,865","11,085","10,617","11,094"
ITL3,TLG36,Dudley,"3,721","3,853","3,923","4,098","4,239","4,341","4,504","4,657","4,795","5,002","5,036","4,743","4,934","5,098","5,222","5,354","5,459","5,528","5,722","5,930","6,060","6,238","5,866","6,366"
ITL3,TLG37,Sandwell,"4,121","4,183","4,226","4,322","4,493","4,699","4,847","5,015","5,225","5,303","5,391","5,263","5,396","5,407","5,584","5,767","6,244","6,532","6,864","7,155","7,501","7,370","7,091","7,355"
ITL3,TLG38,Walsall,"3,036","3,120","3,171","3,253","3,352","3,510","3,673","3,826","3,905","4,053","4,117","3,887","4,088","4,352","4,454","4,729","5,029","5,135","5,391","5,469","5,521","5,530","5,082","5,583"
ITL3,TLG39,Wolverhampton,"3,295","3,426","3,518","3,664","3,793","3,935","4,107","4,305","4,436","4,599","4,665","4,413","4,556","4,760","4,733","4,811","4,871","4,826","5,165","5,501","5,819","5,972","5,582","6,233"
ITL1,TLH,East,"86,429","90,247","94,979","99,689","103,666","110,381","114,347","120,784","126,777","131,705","136,039","131,825","135,540","137,655","141,519","147,713","155,767","161,980","169,344","179,959","183,866","191,290","178,957","193,250"
ITL2,TLH1,East Anglia,"33,709","35,305","37,111","38,814","40,665","42,756","44,519","47,255","50,695","52,328","53,792","52,897","54,573","56,080","58,333","60,370","62,599","64,189","66,849","70,238","71,366","75,401","71,576","77,262"
ITL3,TLH11,Peterborough,"3,513","3,676","3,711","3,891","3,989","4,160","4,455","4,940","5,460","5,562","5,492","5,073","5,260","5,448","5,586","5,589","6,006","5,926","6,374","7,005","7,527","7,198","6,931","7,616"
ITL3,TLH12,Cambridgeshire CC,"9,584","10,068","10,571","11,130","11,748","12,324","12,777","13,465","14,393","15,020","15,582","15,486","16,156","16,607","17,386","17,919","18,642","19,340","20,167","21,202","21,544","22,863","22,381","24,082"
ITL3,TLH14,Suffolk CC,"10,381","10,889","11,488","11,955","12,493","13,124","13,680","14,515","15,492","15,891","16,238","15,820","16,235","16,698","17,290","18,007","18,549","19,106","19,899","20,635","21,040","22,232","20,619","22,091"
ITL3,TLH15,Norwich and East Norfolk,"4,529","4,701","4,998","5,231","5,487","5,825","6,106","6,443","7,008","7,271","7,587","7,731","7,896","8,001","8,408","8,887","9,087","9,295","9,507","10,199","9,999","11,243","10,248","11,126"
ITL3,TLH16,North and West Norfolk,"2,924","3,024","3,186","3,292","3,460","3,640","3,687","3,887","4,056","4,179","4,367","4,310","4,403","4,539","4,697","4,835","4,982","5,058","5,238","5,353","5,392","5,593","5,270","5,704"
ITL3,TLH17,Breckland and South Norfolk,"2,778","2,946","3,158","3,315","3,487","3,683","3,814","4,005","4,285","4,404","4,526","4,477","4,623","4,787","4,966","5,134","5,334","5,464","5,664","5,844","5,864","6,272","6,126","6,643"
ITL2,TLH2,Bedfordshire and Hertfordshire,"29,103","30,807","32,455","33,842","35,101","37,155","38,532","41,089","42,251","44,201","46,272","44,133","44,461","44,936","45,611","48,670","52,156","54,725","57,323","61,438","62,781","65,117","60,356","64,844"
ITL3,TLH21,Luton,"3,162","3,299","3,587","3,748","3,848","4,036","4,097","4,266","4,404","4,696","4,919","4,586","4,703","4,782","4,855","5,368","5,930","6,230","6,362","6,671","6,764","7,016","5,682","5,552"
ITL3,TLH23,Hertfordshire CC,"20,373","21,668","22,708","23,683","24,549","26,088","27,219","29,155","30,005","31,403","32,910","31,467","31,464","31,700","32,065","34,113","36,477","38,292","40,167","43,185","44,219","46,007","43,447","46,835"
ITL3,TLH24,Bedford,"2,263","2,387","2,491","2,616","2,734","2,884","2,982","3,204","3,304","3,421","3,581","3,444","3,471","3,484","3,585","3,711","3,949","4,133","4,284","4,568","4,656","4,961","4,677","5,411"
ITL3,TLH25,Central Bedfordshire,"3,306","3,453","3,669","3,795","3,970","4,146","4,235","4,463","4,538","4,681","4,862","4,636","4,824","4,970","5,106","5,478","5,800","6,071","6,511","7,014","7,142","7,133","6,550","7,047"
ITL2,TLH3,Essex,"23,617","24,135","25,413","27,033","27,900","30,470","31,295","32,440","33,831","35,176","35,975","34,795","36,505","36,638","37,574","38,673","41,012","43,065","45,172","48,284","49,719","50,772","47,025","51,144"
ITL3,TLH31,Southend-on-Sea,"1,756","1,829","1,904","2,019","2,113","2,282","2,395","2,475","2,626","2,731","2,816","2,790","2,863","2,909","2,980","3,051","3,189","3,243","3,364","3,577","3,682","3,597","3,223","3,492"
ITL3,TLH32,Thurrock,"2,348","2,334","2,367","2,533","2,570","2,921","3,032","3,202","3,320","3,449","3,499","3,426","3,564","3,442","3,538","3,511","3,785","4,069","4,153","4,640","4,859","4,976","4,752","5,150"
ITL3,TLH34,Essex Haven Gateway,"5,260","5,351","5,649","6,011","6,156","6,717","6,924","7,180","7,439","7,708","7,939","7,676","8,097","8,227","8,493","8,708","9,247","9,915","10,659","11,566","11,678","11,832","10,913","12,024"
ITL3,TLH35,West Essex,"4,701","4,909","5,134","5,452","5,741","6,271","6,463","6,669","6,987","7,294","7,356","7,065","7,462","7,414","7,399","7,641","7,915","8,461","8,975","9,547","9,826","9,843","8,718","9,451"
ITL3,TLH36,Heart of Essex,"5,004","5,090","5,407","5,809","5,978","6,485","6,630","6,842","7,169","7,474","7,532","7,450","7,690","7,750","7,950","8,133","8,882","9,303","9,572","10,199","10,623","10,993","10,245","11,106"
ITL3,TLH37,Essex Thames Gateway,"4,549","4,623","4,951","5,209","5,342","5,794","5,851","6,073","6,289","6,520","6,832","6,388","6,828","6,897","7,215","7,628","7,994","8,075","8,448","8,756","9,051","9,532","9,174","9,921"
ITL1,TLI,London,"194,728","205,625","221,997","228,563","236,744","250,317","263,603","283,792","300,920","327,060","335,707","328,111","343,463","359,927","374,143","393,879","420,559","436,352","463,688","479,368","498,314","515,317","488,161","526,524"
ITL2,TLI3,Inner London - West,"73,145","76,973","84,929","87,138","90,362","95,876","101,932","112,088","119,290","131,912","135,432","135,594","141,828","147,675","153,674","163,813","175,924","182,020","198,464","206,839","217,840","226,353","221,005","237,823"
ITL3,TLI31,Camden and City of London,"34,251","35,375","39,602","40,039","41,564","44,753","48,566","54,316","59,334","65,695","66,061","68,217","71,580","74,698","75,709","80,919","86,710","91,360","101,292","105,670","111,092","115,709","117,051","127,591"
ITL3,TLI32,Westminster,"26,982","28,740","31,555","32,587","33,722","35,379","36,867","40,295","41,915","46,415","48,440","47,387","49,567","51,087","53,935","56,859","61,205","61,315","67,352","70,897","74,644","78,009","73,470","78,385"
ITL3,TLI33,Kensington & Chelsea and Hammersmith & Fulham,"8,231","8,851","9,504","9,991","10,350","10,822","11,385","12,017","12,322","13,577","14,504","13,855","14,348","15,221","16,861","18,449","19,846","20,632","20,920","21,542","23,131","23,543","22,009","22,876"
ITL3,TLI34,Wandsworth,"3,681","4,007","4,268","4,520","4,727","4,922","5,115","5,461","5,719","6,225","6,426","6,135","6,333","6,669","7,169","7,587","8,164","8,713","8,900","8,730","8,974","9,093","8,474","8,971"
ITL2,TLI4,Inner London - East,"42,437","44,639","49,193","50,966","52,764","55,868","59,278","64,497","68,086","75,205","79,211","79,180","83,268","90,208","92,165","95,556","101,385","105,665","110,922","115,907","119,622","122,702","117,503","127,535"
ITL3,TLI41,Hackney and Newham,"5,975","6,311","6,772","7,095","7,387","7,813","8,111","8,627","8,950","9,630","10,103","9,856","10,454","11,116","11,632","12,053","13,031","13,676","14,379","15,291","16,402","18,216","17,878","19,674"
ITL3,TLI42,Tower Hamlets,"12,406","12,769","14,381","14,598","15,200","16,223","17,639","19,753","21,682","24,126","25,426","26,316","27,133","29,960","29,552","31,025","32,872","33,492","35,825","38,734","38,030","37,569","37,422","40,258"
ITL3,TLI43,Haringey and Islington,"9,733","10,269","11,268","11,655","12,072","12,722","13,395","14,277","14,859","16,404","17,267","16,987","17,818","18,821","19,462","20,855","22,451","23,589","24,063","24,406","25,669","26,121","24,718","26,892"
ITL3,TLI44,Lewisham and Southwark,"9,180","9,769","10,741","11,204","11,585","12,209","12,838","13,899","14,493","15,989","16,798","16,645","17,667","19,409","20,398","20,970","21,003","22,390","23,515","24,063","25,741","27,084","24,939","26,862"
ITL3,TLI45,Lambeth,"5,143","5,521","6,032","6,414","6,519","6,901","7,295","7,942","8,102","9,057","9,616","9,376","10,197","10,901","11,121","10,654","12,029","12,517","13,140","13,414","13,780","13,713","12,546","13,848"
ITL2,TLI5,Outer London - East and North East,"21,993","23,146","24,007","24,799","25,796","27,343","28,537","29,878","31,729","33,355","33,621","31,193","33,110","34,066","36,046","37,869","39,458","41,157","42,419","42,725","44,122","45,928","41,031","44,585"
ITL3,TLI51,Bexley and Greenwich,"6,381","6,757","7,024","7,267","7,591","8,031","8,345","8,818","9,314","9,752","10,011","9,412","9,943","10,260","10,822","11,592","11,994","12,492","13,098","13,220","13,489","14,207","12,590","13,326"
ITL3,TLI52,Barking & Dagenham and Havering,"5,986","6,164","6,304","6,435","6,571","6,901","7,184","7,445","7,966","8,381","8,379","7,776","8,390","8,534","9,046","9,535","9,942","10,154","10,302","10,374","10,679","11,097","10,055","10,978"
ITL3,TLI53,Redbridge and Waltham Forest,"5,366","5,696","5,942","6,161","6,469","6,877","7,222","7,572","8,021","8,414","8,416","7,752","8,118","8,461","9,086","9,383","9,784","10,343","10,638","10,805","11,043","11,312","10,041","11,130"
ITL3,TLI54,Enfield,"4,261","4,529","4,737","4,935","5,165","5,534","5,786","6,042","6,427","6,809","6,815","6,254","6,658","6,811","7,091","7,359","7,739","8,168","8,382","8,326","8,911","9,313","8,344","9,151"
ITL2,TLI6,Outer London - South,"19,819","21,028","21,964","22,626","23,414","24,773","25,835","27,119","28,501","30,225","30,285","28,371","29,065","29,689","30,685","31,599","33,570","34,127","35,864","36,510","37,774","39,053","35,897","38,937"
ITL3,TLI61,Bromley,"4,977","5,289","5,405","5,579","5,881","6,275","6,572","6,870","7,345","7,668","7,658","7,153","7,383","7,549","7,908","8,152","8,296","8,494","8,909","9,232","9,433","9,378","8,486","9,044"
ITL3,TLI62,Croydon,"5,724","6,040","6,365","6,567","6,762","7,179","7,473","7,880","8,186","8,788","8,738","8,314","8,389","8,489","8,582","8,794","9,623","9,751","10,052","10,341","11,124","11,864","11,243","12,332"
ITL3,TLI63,"Merton, Kingston upon Thames and Sutton","9,118","9,699","10,193","10,481","10,771","11,320","11,789","12,368","12,969","13,770","13,889","12,904","13,293","13,651","14,195","14,653","15,651","15,883","16,903","16,937","17,216","17,811","16,168","17,562"
ITL2,TLI7,Outer London - West and North West,"37,333","39,840","41,905","43,034","44,408","46,455","48,020","50,210","53,315","56,362","57,159","53,773","56,192","58,290","61,574","65,041","70,221","73,383","76,019","77,388","78,955","81,280","72,725","77,644"
ITL3,TLI71,Barnet,"4,770","5,126","5,339","5,524","5,781","6,130","6,380","6,659","7,115","7,469","7,427","7,055","7,374","7,640","8,260","8,463","9,006","9,358","9,801","9,904","10,235","10,599","10,137","11,206"
ITL3,TLI72,Brent,"4,541","4,907","5,163","5,330","5,524","5,722","5,855","6,175","6,567","6,863","6,892","6,474","6,802","7,037","7,577","7,981","8,668","9,178","9,593","9,759","9,767","10,434","9,862","10,671"
ITL3,TLI73,Ealing,"5,297","5,648","5,903","6,097","6,289","6,611","6,818","7,079","7,459","7,849","7,918","7,387","7,712","8,004","8,574","9,090","9,743","10,209","10,638","10,433","10,533","10,670","10,411","11,171"
ITL3,TLI74,Harrow and Hillingdon,"12,364","13,061","13,626","13,776","14,126","14,843","15,429","16,035","16,493","17,292","17,280","15,780","16,644","17,427","17,811","18,697","20,469","21,010","20,844","21,641","22,137","22,526","18,550","19,653"
ITL3,TLI75,Hounslow and Richmond upon Thames,"10,361","11,097","11,873","12,307","12,687","13,150","13,538","14,262","15,682","16,889","17,642","17,077","17,661","18,182","19,352","20,811","22,336","23,627","25,144","25,650","26,284","27,051","23,765","24,943"
ITL1,TLJ,South East,"150,638","158,437","165,987","172,017","179,824","188,611","195,243","205,037","214,439","224,347","234,577","229,546","238,742","246,279","254,519","264,500","275,619","286,523","294,878","304,863","315,288","331,218","315,391","336,201"
ITL2,TLJ1,"Berkshire, Buckinghamshire and Oxfordshire","49,034","51,933","54,704","56,333","59,119","62,861","64,149","67,589","70,268","73,753","76,806","75,366","77,631","80,896","83,740","86,652","91,021","94,827","96,414","99,267","104,208","109,614","105,477","112,401"
ITL3,TLJ11,Berkshire,"22,249","23,900","25,265","25,787","26,896","28,751","29,592","31,310","32,583","34,192","35,400","35,080","35,779","37,451","38,898","39,779","41,341","42,672","43,954","45,120","47,739","49,965","48,431","51,189"
ITL3,TLJ12,Milton Keynes,"5,647","5,897","6,231","6,622","7,102","7,700","7,717","8,106","8,572","9,048","9,270","8,950","9,447","9,791","10,054","10,707","11,892","13,244","13,156","14,072","14,689","15,052","14,332","15,963"
ITL3,TLJ13,Buckinghamshire CC,"9,189","9,663","10,139","10,498","10,844","11,369","11,556","12,180","12,591","13,191","13,810","13,482","13,751","14,313","14,680","15,163","15,633","15,863","16,286","16,541","17,168","18,397","17,205","18,485"
ITL3,TLJ14,Oxfordshire CC,"11,949","12,472","13,069","13,427","14,277","15,039","15,284","15,993","16,522","17,323","18,326","17,855","18,653","19,341","20,108","21,002","22,155","23,048","23,018","23,535","24,611","26,201","25,510","26,764"
ITL2,TLJ2,"Surrey, East and West Sussex","47,106","50,273","52,600","54,364","56,521","58,596","60,256","62,886","67,241","69,900","73,169","71,775","74,524","75,646","78,457","81,897","85,185","88,137","90,870","94,037","96,151","100,242","95,499","101,704"
ITL3,TLJ21,Brighton and Hove,"3,731","3,979","4,174","4,454","4,638","4,813","4,999","5,329","5,729","5,941","6,233","6,243","6,349","6,535","7,067","7,564","7,928","8,142","8,583","8,932","9,285","9,720","9,439","10,308"
ITL3,TLJ22,East Sussex CC,"5,518","5,837","6,091","6,359","6,657","6,934","7,110","7,457","7,788","8,040","8,532","8,208","8,465","8,643","8,592","8,895","9,368","9,812","10,370","10,656","10,825","11,253","10,856","11,704"
ITL3,TLJ25,West Surrey,"15,916","17,052","18,056","18,634","19,157","19,896","20,376","21,275","22,730","23,562","24,669","24,254","25,262","25,652","26,501","27,830","29,487","30,886","31,561","32,557","33,888","35,913","35,280","37,787"
ITL3,TLJ26,East Surrey,"8,881","9,425","9,803","10,176","10,512","10,758","11,388","12,013","13,255","13,817","14,059","14,119","14,514","14,459","15,239","15,988","16,199","15,863","15,735","16,031","15,313","15,616","14,416","15,450"
ITL3,TLJ27,West Sussex (South West),"5,732","6,243","6,519","6,684","7,134","7,500","7,595","7,790","8,170","8,490","8,980","8,612","9,046","9,222","9,543","9,880","10,052","10,552","11,144","11,874","12,309","12,803","12,263","12,865"
ITL3,TLJ28,West Sussex (North East),"7,327","7,737","7,958","8,057","8,422","8,695","8,788","9,023","9,569","10,050","10,697","10,340","10,888","11,136","11,516","11,739","12,152","12,881","13,476","13,987","14,532","14,937","13,246","13,589"
ITL2,TLJ3,Hampshire and Isle of Wight,"30,993","31,763","33,451","35,150","36,948","38,391","40,585","42,599","43,989","46,362","48,283","47,748","50,186","52,037","53,616","55,754","57,569","59,559","61,261","63,868","65,364","68,999","64,414","68,606"
ITL3,TLJ31,Portsmouth,"3,114","3,212","3,355","3,523","3,737","3,916","4,186","4,426","4,585","4,888","5,176","5,138","5,319","5,469","5,773","5,962","6,180","6,202","6,266","6,652","6,756","7,261","6,936","7,512"
ITL3,TLJ32,Southampton,"3,606","3,701","3,812","4,001","4,306","4,584","5,044","5,337","5,466","5,750","6,003","6,134","6,381","6,891","7,022","7,181","7,392","7,894","7,905","8,229","8,365","8,337","7,208","7,648"
ITL3,TLJ34,Isle of Wight,"1,380","1,439","1,510","1,567","1,682","1,766","1,877","1,945","2,051","2,109","2,208","2,128","2,225","2,325","2,392","2,576","2,698","2,789","2,791","2,899","2,948","3,150","3,028","3,098"
ITL3,TLJ35,South Hampshire,"6,360","6,452","6,800","7,105","7,422","7,636","7,995","8,370","8,692","9,131","9,523","9,260","9,877","10,228","10,636","10,995","11,570","11,829","12,332","12,765","12,518","12,979","12,164","13,234"
ITL3,TLJ36,Central Hampshire,"8,965","9,176","9,635","10,082","10,360","10,776","11,276","11,796","12,154","12,735","13,172","12,909","13,601","13,995","14,408","14,922","15,509","16,373","16,895","17,619","18,016","18,978","17,544","19,175"
ITL3,TLJ37,North Hampshire,"7,568","7,782","8,339","8,872","9,441","9,712","10,206","10,724","11,040","11,749","12,202","12,180","12,783","13,129","13,385","14,119","14,219","14,472","15,071","15,704","16,761","18,294","17,534","17,940"
ITL2,TLJ4,Kent,"23,505","24,468","25,232","26,170","27,236","28,764","30,253","31,962","32,942","34,332","36,319","34,657","36,402","37,700","38,705","40,197","41,844","44,001","46,333","47,689","49,564","52,362","50,001","53,489"
ITL3,TLJ41,Medway,"2,931","3,026","3,077","3,213","3,391","3,613","3,802","4,040","4,231","4,415","4,669","4,527","4,760","4,908","5,168","5,362","5,490","5,663","5,952","6,222","6,430","6,846","6,692","7,201"
ITL3,TLJ43,Kent Thames Gateway,"4,736","4,900","4,996","5,207","5,550","5,875","6,064","6,276","6,403","6,683","7,095","6,609","6,964","7,178","7,388","7,700","8,208","8,727","9,378","9,306","9,663","10,499","10,151","10,724"
ITL3,TLJ44,East Kent,"5,718","6,011","6,338","6,523","6,651","7,070","7,560","7,960","8,072","8,358","8,985","8,533","8,935","9,307","9,425","9,739","10,116","10,563","10,875","11,344","11,707","12,048","11,052","11,953"
ITL3,TLJ45,Mid Kent,"3,921","4,061","4,196","4,372","4,559","4,801","5,047","5,320","5,553","5,843","6,154","5,848","6,142","6,328","6,462","6,686","7,072","7,405","7,668","7,886","8,282","8,852","8,462","9,301"
ITL3,TLJ46,West Kent,"6,199","6,469","6,625","6,855","7,086","7,405","7,781","8,367","8,682","9,033","9,416","9,140","9,601","9,978","10,264","10,710","10,958","11,642","12,460","12,931","13,483","14,117","13,644","14,309"
ITL1,TLK,South West,"74,851","78,706","82,361","86,469","90,396","95,502","100,813","105,460","110,443","115,057","119,471","117,458","122,329","124,757","128,461","132,712","139,707","142,836","148,237","155,805","160,119","166,708","156,636","169,261"
ITL2,TLK1,"Gloucestershire, Wiltshire and Bath/Bristol area","38,020","39,851","41,798","44,672","46,627","49,101","51,556","53,592","55,796","59,193","61,386","61,019","63,910","64,846","67,054","69,020","73,288","74,858","77,779","81,113","83,536","87,512","83,153","89,457"
ITL3,TLK11,"Bristol, City of","6,899","7,208","7,600","8,193","8,546","8,971","9,528","9,829","10,311","11,123","11,515","11,831","12,327","12,460","13,001","13,325","14,015","14,569","15,561","16,604","16,507","17,394","16,654","18,385"
ITL3,TLK12,"Bath and North East Somerset, North Somerset and South Gloucestershire","10,229","10,760","11,384","12,103","12,732","13,443","14,107","14,621","15,228","15,887","16,494","16,161","16,965","17,384","18,196","18,659","19,982","20,294","21,337","21,850","22,735","23,727","22,886","24,439"
ITL3,TLK13,Gloucestershire CC,"10,021","10,458","10,892","11,490","11,875","12,433","12,991","13,567","13,923","14,646","15,034","14,875","15,817","15,950","16,315","16,832","17,657","17,853","18,196","19,501","20,071","21,306","20,108","21,535"
ITL3,TLK14,Swindon,"4,317","4,499","4,668","5,103","5,375","5,796","6,070","6,436","6,916","7,619","8,055","8,044","8,139","8,085","8,128","8,430","9,144","9,652","9,880","9,993","10,569","10,912","9,909","10,501"
ITL3,TLK15,Wiltshire,"6,555","6,927","7,253","7,782","8,099","8,458","8,861","9,138","9,419","9,919","10,287","10,107","10,663","10,969","11,413","11,774","12,491","12,490","12,805","13,165","13,654","14,174","13,597","14,597"
ITL2,TLK2,Dorset and Somerset,"17,052","18,124","19,111","19,407","20,043","21,074","22,109","23,462","24,561","25,189","26,314","25,688","26,337","26,924","27,448","28,392","29,859","30,287","31,356","33,518","34,375","35,493","33,325","35,854"
ITL3,TLK23,Somerset CC,"6,949","7,353","7,732","7,842","8,160","8,546","9,020","9,566","10,038","10,229","10,598","10,358","10,635","10,914","11,096","11,291","12,030","12,275","12,568","13,457","13,936","14,296","13,407","14,296"
ITL3,TLK24,"Bournemouth, Christchurch and Poole","5,389","5,706","5,980","6,168","6,338","6,772","7,121","7,547","7,922","8,243","8,552","8,486","8,578","8,790","8,937","9,486","9,861","10,043","10,643","11,492","11,512","11,923","11,187","12,151"
ITL3,TLK25,Dorset,"4,715","5,064","5,399","5,396","5,545","5,756","5,968","6,349","6,600","6,717","7,164","6,844","7,124","7,220","7,415","7,614","7,968","7,969","8,145","8,568","8,928","9,274","8,731","9,407"
ITL2,TLK3,Cornwall and Isles of Scilly,"5,568","5,769","6,102","6,406","6,913","7,502","7,795","8,286","8,847","9,050","9,470","9,000","9,289","9,644","9,987","10,387","10,742","10,952","11,596","12,413","12,863","13,299","12,153","13,416"
ITL3,TLK30,Cornwall and Isles of Scilly,"5,568","5,769","6,102","6,406","6,913","7,502","7,795","8,286","8,847","9,050","9,470","9,000","9,289","9,644","9,987","10,387","10,742","10,952","11,596","12,413","12,863","13,299","12,153","13,416"
ITL2,TLK4,Devon,"14,211","14,962","15,350","15,984","16,812","17,824","19,352","20,120","21,239","21,625","22,301","21,751","22,792","23,342","23,972","24,913","25,818","26,740","27,505","28,762","29,345","30,404","28,005","30,534"
ITL3,TLK41,Plymouth,"3,096","3,269","3,321","3,499","3,639","3,869","4,247","4,384","4,660","4,733","4,930","4,831","5,074","5,265","5,451","5,617","5,772","5,983","6,174","6,379","6,559","6,757","6,254","6,687"
ITL3,TLK42,Torbay,"1,338","1,423","1,455","1,515","1,579","1,666","1,848","1,928","2,025","2,073","2,115","2,025","2,096","2,122","2,106","2,188","2,230","2,239","2,274","2,306","2,282","2,387","2,227","2,489"
ITL3,TLK43,Devon CC,"9,776","10,270","10,574","10,970","11,594","12,289","13,257","13,808","14,554","14,819","15,256","14,896","15,622","15,955","16,414","17,109","17,817","18,517","19,057","20,077","20,504","21,260","19,524","21,358"
ITL1,TLL,Wales,"37,004","38,018","39,707","40,922","42,721","45,585","48,241","50,508","53,178","55,268","55,670","54,604","56,698","59,232","60,990","63,348","65,102","67,212","70,085","72,548","75,151","78,286","73,580","79,699"
ITL2,TLL1,West Wales and The Valleys,"21,137","21,432","22,246","22,908","23,984","25,524","27,209","28,505","29,946","30,897","31,427","30,453","31,759","33,072","33,742","35,387","36,629","37,669","39,071","40,618","42,021","43,917","40,876","44,564"
ITL3,TLL11,Isle of Anglesey,665,678,705,732,757,830,934,960,992,"1,003","1,011",935,943,"1,007","1,030","1,043","1,055","1,109","1,178","1,218","1,293","1,373","1,157","1,248"
ITL3,TLL12,Gwynedd,"1,491","1,492","1,541","1,593","1,714","1,856","1,948","2,086","2,233","2,283","2,312","2,224","2,234","2,340","2,413","2,540","2,549","2,600","2,621","2,752","2,807","2,915","2,598","2,881"
ITL3,TLL13,Conwy and Denbighshire,"2,138","2,185","2,274","2,372","2,532","2,696","2,854","2,983","3,120","3,179","3,216","3,076","3,208","3,357","3,378","3,606","3,742","3,842","4,016","4,254","4,369","4,456","4,232","4,456"
ITL3,TLL14,South West Wales,"4,093","4,094","4,216","4,465","4,636","4,977","5,481","5,633","5,807","6,130","6,189","5,813","6,048","6,240","6,462","6,888","7,003","7,624","7,822","8,036","8,180","8,676","8,076","9,452"
ITL3,TLL15,Central Valleys,"3,013","3,077","3,172","3,223","3,419","3,597","3,788","4,011","4,253","4,368","4,500","4,583","4,892","5,092","5,209","5,410","5,615","5,600","5,902","6,059","6,195","6,340","6,144","6,568"
ITL3,TLL16,Gwent Valleys,"3,412","3,452","3,621","3,670","3,803","4,014","4,215","4,408","4,624","4,693","4,720","4,581","4,793","5,087","5,154","5,384","5,498","5,663","5,865","6,123","6,417","6,703","6,207","6,715"
ITL3,TLL17,Bridgend and Neath Port Talbot,"3,401","3,465","3,613","3,577","3,704","3,905","4,051","4,248","4,547","4,698","4,800","4,568","4,946","5,080","5,150","5,418","5,663","5,769","5,925","6,185","6,440","6,929","6,358","6,841"
ITL3,TLL18,Swansea,"2,924","2,989","3,103","3,277","3,418","3,650","3,937","4,176","4,370","4,542","4,679","4,673","4,696","4,869","4,948","5,097","5,505","5,462","5,742","5,991","6,319","6,526","6,104","6,403"
ITL2,TLL2,East Wales,"15,868","16,587","17,461","18,014","18,737","20,061","21,031","22,002","23,232","24,371","24,243","24,151","24,938","26,160","27,248","27,961","28,473","29,543","31,014","31,931","33,130","34,369","32,704","35,135"
ITL3,TLL21,Monmouthshire and Newport,"3,347","3,510","3,739","3,831","3,965","4,272","4,513","4,684","4,929","5,124","5,041","4,913","5,121","5,307","5,457","5,478","5,564","5,822","6,181","6,362","6,842","7,023","6,547","7,004"
ITL3,TLL22,Cardiff and Vale of Glamorgan,"6,876","7,350","7,690","7,980","8,430","9,028","9,430","9,957","10,536","11,229","11,122","11,265","11,393","11,842","12,458","12,788","13,180","13,623","14,402","14,865","15,174","15,920","15,229","16,146"
ITL3,TLL23,Flintshire and Wrexham,"4,223","4,261","4,483","4,579","4,659","4,931","5,175","5,393","5,730","5,898","6,014","5,937","6,319","6,822","7,075","7,372","7,324","7,594","7,855","8,130","8,456","8,733","8,379","9,296"
ITL3,TLL24,Powys,"1,422","1,465","1,550","1,623","1,684","1,831","1,913","1,969","2,038","2,120","2,066","2,036","2,105","2,189","2,259","2,323","2,405","2,504","2,575","2,574","2,658","2,692","2,548","2,689"
ITL1,TLM,Scotland,"78,423","80,165","83,516","87,953","91,673","97,082","103,121","109,326","116,698","121,629","126,845","125,226","126,861","130,913","134,651","140,869","147,324","149,327","151,958","158,593","162,282","167,869","157,143","169,162"
ITL2,TLM5,North Eastern Scotland,"8,996","9,030","9,276","9,946","10,399","10,555","11,125","11,819","13,390","14,913","16,339","15,987","16,641","17,139","18,184","19,568","20,490","19,939","18,534","18,410","18,598","18,835","17,026","17,917"
ITL3,TLM50,Aberdeen City and Aberdeenshire,"8,996","9,030","9,276","9,946","10,399","10,555","11,125","11,819","13,390","14,913","16,339","15,987","16,641","17,139","18,184","19,568","20,490","19,939","18,534","18,410","18,598","18,835","17,026","17,917"
ITL2,TLM6,Highlands and Islands,"6,033","6,349","6,575","6,870","7,035","7,686","8,324","8,862","9,261","9,581","10,134","9,988","10,340","10,894","11,114","11,522","11,879","11,975","12,168","13,006","13,223","13,723","12,511","13,573"
ITL3,TLM61,"Caithness and Sutherland, and Ross and Cromarty","1,125","1,183","1,236","1,270","1,312","1,451","1,557","1,650","1,710","1,756","1,816","1,762","1,791","1,911","1,988","2,038","2,124","2,076","2,122","2,256","2,312","2,434","2,276","2,464"
ITL3,TLM62,"Inverness and Nairn, Moray, Badenoch and Strathspey","2,623","2,732","2,822","2,923","2,994","3,264","3,518","3,728","3,938","4,138","4,437","4,375","4,643","4,894","4,938","5,236","5,375","5,529","5,613","6,033","6,187","6,294","5,729","6,230"
ITL3,TLM63,"Lochaber, Skye and Lochalsh, Arran and Cumbrae, and Argyll and Bute","1,275","1,367","1,424","1,517","1,554","1,704","1,854","2,000","2,077","2,109","2,194","2,129","2,129","2,186","2,253","2,305","2,350","2,379","2,473","2,673","2,697","2,837","2,505","2,730"
ITL3,TLM64,Na h-Eileanan Siar,289,311,320,345,350,381,417,440,460,471,501,488,520,545,551,546,563,556,555,580,603,648,620,669
ITL3,TLM65,Orkney Islands,300,319,339,358,361,396,439,476,482,502,537,536,550,593,610,589,602,624,614,618,585,624,562,615
ITL3,TLM66,Shetland Islands,420,436,434,456,465,490,539,568,594,605,650,698,707,767,774,809,864,812,792,845,838,886,819,865
ITL2,TLM7,Eastern Scotland,"29,179","29,653","31,162","32,695","34,638","37,160","39,368","41,422","44,158","46,195","47,139","47,185","47,605","48,781","50,304","52,368","54,487","56,083","58,679","61,285","63,255","65,791","61,943","67,152"
ITL3,TLM71,Angus and Dundee City,"3,307","3,363","3,563","3,685","3,833","4,091","4,258","4,438","4,706","4,904","4,996","4,906","5,009","5,211","5,346","5,526","5,763","5,806","5,955","6,064","6,287","6,591","6,103","6,575"
ITL3,TLM72,Clackmannanshire and Fife,"4,934","5,048","5,237","5,382","5,637","5,911","6,236","6,525","7,077","7,370","7,668","7,361","7,521","7,695","7,899","8,205","8,619","8,843","9,181","9,403","9,557","9,911","9,569","10,514"
ITL3,TLM73,East Lothian and Midlothian,"1,709","1,765","1,858","1,924","2,030","2,177","2,273","2,350","2,495","2,605","2,681","2,583","2,668","2,778","2,879","3,128","3,336","3,483","3,605","3,785","3,994","4,154","4,019","4,367"
ITL3,TLM75,City of Edinburgh,"10,504","10,683","11,500","12,346","13,272","14,400","15,410","16,340","17,223","18,116","18,187","18,860","18,777","19,120","19,750","20,566","21,283","21,812","23,636","25,138","26,049","27,054","25,251","27,258"
ITL3,TLM76,Falkirk,"2,349","2,343","2,421","2,515","2,608","2,813","3,002","3,189","3,400","3,467","3,702","3,610","3,706","3,687","3,693","3,837","3,967","4,128","4,166","4,275","4,456","4,674","4,400","4,892"
ITL3,TLM77,"Perth and Kinross, and Stirling","3,814","3,799","3,877","4,048","4,299","4,633","4,844","5,107","5,558","5,849","5,882","6,019","5,930","6,088","6,461","6,880","7,076","7,283","7,317","7,561","7,597","7,928","7,254","7,784"
ITL3,TLM78,West Lothian,"2,562","2,653","2,707","2,795","2,959","3,135","3,345","3,473","3,699","3,884","4,024","3,845","3,994","4,203","4,276","4,227","4,445","4,728","4,818","5,060","5,315","5,479","5,347","5,761"
ITL2,TLM8,West Central Scotland,"22,502","23,116","24,015","25,368","26,102","27,530","29,456","31,390","33,035","33,785","35,248","34,506","34,459","35,770","36,324","37,960","40,102","40,735","41,580","43,922","44,995","46,812","44,291","47,355"
ITL3,TLM81,"East Dunbartonshire, West Dunbartonshire, and Helensburgh and Lomond","2,269","2,344","2,434","2,583","2,662","2,814","2,983","3,177","3,343","3,397","3,522","3,397","3,477","3,625","3,631","3,724","3,932","3,968","4,172","4,424","4,561","4,714","4,306","4,614"
ITL3,TLM82,Glasgow City,"11,760","12,186","12,630","13,379","13,637","14,413","15,588","16,778","17,717","18,312","18,976","18,822","18,529","19,225","19,490","20,507","21,190","21,470","21,907","23,043","23,604","24,782","23,797","25,560"
ITL3,TLM83,"Inverclyde, East Renfrewshire, and Renfrewshire","4,234","4,295","4,525","4,736","4,927","5,149","5,421","5,646","5,871","5,862","6,159","5,919","5,990","6,243","6,403","6,654","7,174","7,383","7,370","7,787","7,898","8,051","7,373","7,811"
ITL3,TLM84,North Lanarkshire,"4,240","4,290","4,426","4,671","4,876","5,154","5,464","5,790","6,105","6,213","6,591","6,369","6,464","6,676","6,800","7,075","7,806","7,914","8,130","8,668","8,932","9,264","8,814","9,370"
ITL2,TLM9,Southern Scotland,"11,713","12,016","12,488","13,074","13,497","14,151","14,848","15,833","16,853","17,155","17,985","17,560","17,816","18,329","18,727","19,451","20,366","20,595","20,996","21,970","22,211","22,708","21,373","23,165"
ITL3,TLM91,Scottish Borders,"1,456","1,456","1,502","1,569","1,633","1,714","1,759","1,862","1,964","2,008","2,103","2,042","2,068","2,153","2,200","2,292","2,494","2,514","2,549","2,632","2,758","2,830","2,729","2,922"
ITL3,TLM92,Dumfries and Galloway,"2,127","2,210","2,343","2,492","2,550","2,663","2,817","2,950","3,095","3,134","3,307","3,209","3,195","3,347","3,405","3,580","3,763","3,748","3,839","3,990","4,014","4,185","3,909","4,070"
ITL3,TLM93,East Ayrshire and North Ayrshire mainland,"2,657","2,759","2,861","2,964","2,998","3,116","3,254","3,506","3,746","3,860","3,976","3,889","4,003","4,083","4,186","4,310","4,453","4,526","4,611","4,811","4,818","4,879","4,689","5,148"
ITL3,TLM94,South Ayrshire,"1,542","1,579","1,689","1,762","1,833","1,904","2,020","2,140","2,245","2,241","2,335","2,296","2,386","2,434","2,439","2,438","2,562","2,618","2,660","2,781","2,834","2,879","2,572","2,786"
ITL3,TLM95,South Lanarkshire,"3,932","4,011","4,093","4,287","4,483","4,754","4,998","5,374","5,804","5,912","6,264","6,124","6,164","6,312","6,498","6,831","7,094","7,189","7,338","7,756","7,786","7,935","7,473","8,240"
ITL1,TLN,Northern Ireland,"22,335","23,678","25,418","26,464","27,389","29,584","30,943","32,786","34,754","36,194","36,577","35,801","36,117","37,168","38,492","39,565","40,795","42,391","44,598","46,282","47,578","49,981","48,041","51,717"
ITL2,TLN0,Northern Ireland,"22,335","23,678","25,418","26,464","27,389","29,584","30,943","32,786","34,754","36,194","36,577","35,801","36,117","37,168","38,492","39,565","40,795","42,391","44,598","46,282","47,578","49,981","48,041","51,717"
ITL3,TLN06,Belfast,"6,087","6,494","6,947","7,311","7,616","8,373","8,835","9,353","9,861","10,349","10,516","10,507","10,372","10,714","10,908","11,371","11,585","12,059","12,914","13,650","14,111","14,642","14,008","15,555"
ITL3,TLN07,"Armagh City, Banbridge and Craigavon","1,937","2,041","2,181","2,336","2,405","2,565","2,690","2,862","3,052","3,247","3,261","3,138","3,231","3,347","3,429","3,631","3,797","3,942","4,229","4,355","4,599","4,824","4,646","4,977"
ITL3,TLN08,"Newry, Mourne and Down","1,567","1,671","1,799","1,896","1,959","2,102","2,208","2,349","2,497","2,584","2,648","2,531","2,567","2,710","2,814","2,950","3,125","3,206","3,395","3,517","3,636","3,855","3,690","3,843"
ITL3,TLN09,Ards and North Down,"1,275","1,347","1,435","1,510","1,570","1,678","1,729","1,855","1,977","2,052","2,074","1,970","1,987","2,080","2,134","2,095","2,182","2,211","2,412","2,523","2,621","2,736","2,602","2,673"
ITL3,TLN0A,Derry City and Strabane,"1,509","1,588","1,657","1,715","1,774","1,983","2,039","2,219","2,383","2,403","2,484","2,458","2,455","2,536","2,633","2,696","2,749","2,800","3,012","3,161","3,233","3,468","3,447","3,639"
ITL3,TLN0B,Mid Ulster,"1,744","1,861","2,032","2,105","2,152","2,373","2,461","2,636","2,796","2,937","2,845","2,586","2,744","2,802","2,857","3,059","3,218","3,346","3,515","3,617","3,910","4,187","3,947","4,406"
ITL3,TLN0C,Causeway Coast and Glens,"1,314","1,399","1,536","1,553","1,615","1,753","1,817","1,930","2,063","2,129","2,132","2,048","2,111","2,220","2,269","2,302","2,350","2,366","2,567","2,635","2,638","2,731","2,607","2,768"
ITL3,TLN0D,Antrim and Newtownabbey,"1,851","1,957","2,097","2,199","2,272","2,389","2,489","2,596","2,758","2,923","2,885","2,766","2,847","2,955","3,021","3,043","3,214","3,330","3,490","3,644","3,720","3,930","3,797","3,916"
ITL3,TLN0E,Lisburn and Castlereagh,"1,651","1,747","1,876","1,986","2,040","2,185","2,252","2,396","2,541","2,647","2,647","2,592","2,633","2,719","2,866","2,950","3,059","3,226","3,405","3,498","3,695","3,935","3,770","4,017"
ITL3,TLN0F,Mid and East Antrim,"2,131","2,235","2,436","2,362","2,436","2,515","2,669","2,689","2,810","2,859","3,011","3,204","3,164","3,039","3,399","3,370","3,291","3,652","3,275","3,179","2,797","2,935","2,825","3,008"
ITL3,TLN0G,Fermanagh and Omagh,"1,270","1,339","1,423","1,491","1,549","1,668","1,754","1,900","2,016","2,064","2,074","2,001","2,007","2,047","2,161","2,099","2,224","2,254","2,382","2,503","2,618","2,736","2,705","2,916"
Other,TLZ,Extra-Regio,"11,870","13,316","19,988","19,837","17,507","17,913","19,215","22,488","23,571","22,879","27,098","18,717","24,064","26,209","23,359","21,765","17,658","10,519","10,527","14,767","20,502","19,478","12,507","14,899"
UK,UKX,United Kingdom less Extra-Regio,"987,456","1,030,834","1,081,155","1,125,486","1,174,008","1,241,762","1,304,205","1,377,155","1,449,266","1,522,913","1,567,639","1,533,165","1,588,317","1,638,002","1,689,882","1,760,531","1,845,169","1,910,479","1,988,934","2,070,241","2,136,908","2,218,870","2,097,087","2,261,816"
